DATE,BUS3TRUU Index
1999-01-29,115.881653
1999-02-26,109.167206
1999-03-31,104.819725
1999-04-30,98.068657
1999-05-28,107.621346
1999-06-30,108.868446
1999-07-30,123.354294
1999-08-31,132.000504
1999-09-30,130.014618
1999-10-29,119.518005
1999-11-30,113.765358
1999-12-31,114.069618
2000-01-31,108.742493
2000-02-29,114.913063
2000-03-31,137.044373
2000-04-28,143.795609
2000-05-31,159.836914
2000-06-30,159.600128
2000-07-31,157.825897
2000-08-31,150.904404
2000-09-29,147.247757
2000-10-31,170.978592
2000-11-30,190.095596
2000-12-29,188.583603
2001-01-31,170.844025
2001-02-28,175.826126
2001-03-30,174.049088
2001-04-30,158.119781
2001-05-31,149.592804
2001-06-29,149.603119
2001-07-31,144.448288
2001-08-31,145.959091
2001-09-28,193.030304
2001-10-31,195.346802
2001-11-30,173.593216
2001-12-31,181.48465
2002-01-31,180.209747
2002-02-28,186.626785
2002-03-29,175.388321
2002-04-30,188.335236
2002-05-31,151.868744
2002-06-28,174.536224
2002-07-31,217.755966
2002-08-30,211.764801
2002-09-30,228.801712
2002-10-31,246.430481
2002-11-29,193.786865
2002-12-31,178.413513
2003-01-31,155.172577
2003-02-28,137.519348
2003-03-31,134.846664
2003-04-30,112.193268
2003-05-30,112.319305
2003-06-30,109.728638
2003-07-31,118.056396
2003-08-29,109.693596
2003-09-30,97.416039
2003-10-31,95.110939
2003-11-28,83.166779
2003-12-31,81.243782
2004-01-30,83.305061
2004-02-27,79.237793
2004-03-31,82.756302
2004-04-30,84.531616
2004-05-31,88.041534
2004-06-30,88.814201
2004-07-30,85.894753
2004-08-31,78.898331
2004-09-30,74.531639
2004-10-29,78.623779
2004-11-30,74.699135
2004-12-31,70.545036
2005-01-31,72.45694
2005-02-28,67.139465
2005-03-31,85.224365
2005-04-29,99.07103
2005-05-31,72.820465
2005-06-30,87.218292
2005-07-29,78.537285
2005-08-31,78.846268
2005-09-30,81.586327
2005-10-31,87.312256
2005-11-30,91.024269
2005-12-30,74.82988
2006-01-31,73.393021
2006-02-01,73.295456
2006-02-02,73.064552
2006-02-03,73.175293
2006-02-06,72.446976
2006-02-07,73.093483
2006-02-08,73.056351
2006-02-09,72.668007
2006-02-10,72.604324
2006-02-13,71.940308
2006-02-14,71.184372
2006-02-15,70.839699
2006-02-16,70.331062
2006-02-17,70.60701
2006-02-21,69.96949
2006-02-22,70.361961
2006-02-23,70.008316
2006-02-24,70.440132
2006-02-27,71.334381
2006-02-28,71.018196
2006-03-01,71.17379
2006-03-02,72.021568
2006-03-03,71.834526
2006-03-06,72.044312
2006-03-07,72.18177
2006-03-08,71.717529
2006-03-09,71.722641
2006-03-10,71.704826
2006-03-13,71.720047
2006-03-14,71.884872
2006-03-15,72.60099
2006-03-16,72.794273
2006-03-17,73.107101
2006-03-20,72.98127
2006-03-21,72.710518
2006-03-22,72.70256
2006-03-23,73.070412
2006-03-24,73.195908
2006-03-27,73.152344
2006-03-28,73.164322
2006-03-29,72.879471
2006-03-30,74.301636
2006-03-31,74.562302
2006-04-03,74.727646
2006-04-04,74.525352
2006-04-05,74.222855
2006-04-06,74.336678
2006-04-07,74.273666
2006-04-10,74.410622
2006-04-11,73.832558
2006-04-12,73.680031
2006-04-13,74.452469
2006-04-17,73.673492
2006-04-18,73.964737
2006-04-19,73.836494
2006-04-20,73.586449
2006-04-21,73.218056
2006-04-24,72.745468
2006-04-25,72.977226
2006-04-26,72.698456
2006-04-27,72.945091
2006-04-28,73.133514
2006-05-01,71.634323
2006-05-02,71.062248
2006-05-03,71.081963
2006-05-04,70.640839
2006-05-05,70.936584
2006-05-08,70.286125
2006-05-09,70.388176
2006-05-10,70.131271
2006-05-11,70.473625
2006-05-12,70.923584
2006-05-15,70.75779
2006-05-16,70.770638
2006-05-17,70.793373
2006-05-18,71.570801
2006-05-19,71.222061
2006-05-22,71.261124
2006-05-23,71.647377
2006-05-24,71.938194
2006-05-25,72.386353
2006-05-26,72.150871
2006-05-30,73.047539
2006-05-31,72.652435
2006-06-01,72.939087
2006-06-02,72.73671
2006-06-05,72.741203
2006-06-06,72.829956
2006-06-07,72.941597
2006-06-08,73.405304
2006-06-09,73.486427
2006-06-12,73.435333
2006-06-13,73.747643
2006-06-14,74.215698
2006-06-15,75.366936
2006-06-16,75.656342
2006-06-19,75.493607
2006-06-20,75.744377
2006-06-21,76.276688
2006-06-22,76.54641
2006-06-23,77.0653
2006-06-26,77.212181
2006-06-27,76.966072
2006-06-28,77.365776
2006-06-29,78.380142
2006-06-30,76.41964
2006-07-03,76.29509
2006-07-05,76.009865
2006-07-06,76.125618
2006-07-07,76.020683
2006-07-10,76.021797
2006-07-11,75.964027
2006-07-12,75.711075
2006-07-13,76.413406
2006-07-14,77.156982
2006-07-17,77.567543
2006-07-18,77.205727
2006-07-19,77.409187
2006-07-20,77.228203
2006-07-21,77.018166
2006-07-24,76.669228
2006-07-25,76.49614
2006-07-26,76.86496
2006-07-27,76.567047
2006-07-28,76.740021
2006-07-31,76.523232
2006-08-01,76.695061
2006-08-02,76.528091
2006-08-03,76.069099
2006-08-04,76.487915
2006-08-07,76.045265
2006-08-08,77.042961
2006-08-09,76.983871
2006-08-10,76.875771
2006-08-11,76.438591
2006-08-14,76.038162
2006-08-15,76.921814
2006-08-16,76.656395
2006-08-17,76.360909
2006-08-18,76.441093
2006-08-21,76.059853
2006-08-22,75.892235
2006-08-23,75.872505
2006-08-24,75.387413
2006-08-25,75.758606
2006-08-28,75.715927
2006-08-29,75.451958
2006-08-30,75.727684
2006-08-31,77.022858
2006-09-01,76.818855
2006-09-05,76.919823
2006-09-06,76.261887
2006-09-07,76.00592
2006-09-08,76.420425
2006-09-11,76.270302
2006-09-12,76.168686
2006-09-13,76.091988
2006-09-14,75.71801
2006-09-15,76.409355
2006-09-18,76.324684
2006-09-19,76.435097
2006-09-20,76.439346
2006-09-21,76.910759
2006-09-22,76.458351
2006-09-25,76.063576
2006-09-26,75.712967
2006-09-27,75.833847
2006-09-28,75.601814
2006-09-29,76.319229
2006-10-02,76.988998
2006-10-03,76.354958
2006-10-04,76.325493
2006-10-05,75.806168
2006-10-06,76.024506
2006-10-10,75.773453
2006-10-11,75.648315
2006-10-12,75.092552
2006-10-13,74.974739
2006-10-16,74.841705
2006-10-17,74.835091
2006-10-18,74.702759
2006-10-19,74.328362
2006-10-20,73.847588
2006-10-23,74.232712
2006-10-24,73.670296
2006-10-25,73.69075
2006-10-26,73.49028
2006-10-27,74.644539
2006-10-30,74.356865
2006-10-31,73.338943
2006-11-01,72.895744
2006-11-02,72.079811
2006-11-03,72.008553
2006-11-06,71.645958
2006-11-07,71.085281
2006-11-08,70.862785
2006-11-09,71.61142
2006-11-10,71.198837
2006-11-13,71.201202
2006-11-14,70.661522
2006-11-15,69.840881
2006-11-16,69.81469
2006-11-17,68.444672
2006-11-20,67.948441
2006-11-21,67.794167
2006-11-22,68.684074
2006-11-24,68.663132
2006-11-27,68.256866
2006-11-28,68.716843
2006-11-29,68.311913
2006-11-30,68.989319
2006-12-01,69.490852
2006-12-04,69.164894
2006-12-05,68.290375
2006-12-06,67.425888
2006-12-07,67.554108
2006-12-08,67.966118
2006-12-11,67.758644
2006-12-12,67.730003
2006-12-13,67.628548
2006-12-14,67.623947
2006-12-15,67.486809
2006-12-18,67.283623
2006-12-19,67.541069
2006-12-20,67.089294
2006-12-21,67.370956
2006-12-22,67.44101
2006-12-26,66.947601
2006-12-27,66.641159
2006-12-28,66.68177
2006-12-29,66.346992
2007-01-02,66.485405
2007-01-03,66.687225
2007-01-04,66.797516
2007-01-05,66.255478
2007-01-08,65.684151
2007-01-09,65.197426
2007-01-10,65.209953
2007-01-11,64.206718
2007-01-12,64.454147
2007-01-16,64.282982
2007-01-17,63.568378
2007-01-18,63.304226
2007-01-19,63.694958
2007-01-22,63.572147
2007-01-23,63.507504
2007-01-24,63.313335
2007-01-25,63.266129
2007-01-26,63.933025
2007-01-29,63.979965
2007-01-30,64.360992
2007-01-31,64.158836
2007-02-01,64.201195
2007-02-02,63.299595
2007-02-05,63.013538
2007-02-06,62.300789
2007-02-07,63.347015
2007-02-08,63.640766
2007-02-09,63.506039
2007-02-12,63.706326
2007-02-13,64.093544
2007-02-14,63.542461
2007-02-15,62.908085
2007-02-16,62.727245
2007-02-20,61.709538
2007-02-21,61.22485
2007-02-22,61.250439
2007-02-23,62.178265
2007-02-26,63.105728
2007-02-27,64.285568
2007-02-28,65.67878
2007-03-01,66.025085
2007-03-02,66.999863
2007-03-05,68.047089
2007-03-06,67.646843
2007-03-07,66.980698
2007-03-08,66.661102
2007-03-09,66.4907
2007-03-12,67.061455
2007-03-13,67.883011
2007-03-14,69.676903
2007-03-15,70.066872
2007-03-16,70.500961
2007-03-19,70.222618
2007-03-20,70.258713
2007-03-21,71.21199
2007-03-22,70.489326
2007-03-23,70.345161
2007-03-26,70.431938
2007-03-27,70.871407
2007-03-28,71.823242
2007-03-29,72.034401
2007-03-30,72.485817
2007-04-02,72.863609
2007-04-03,72.993057
2007-04-04,73.069366
2007-04-05,73.015617
2007-04-09,72.246552
2007-04-10,72.128304
2007-04-11,71.37558
2007-04-12,71.404572
2007-04-13,71.349182
2007-04-16,72.419319
2007-04-17,72.702133
2007-04-18,72.701515
2007-04-19,73.195793
2007-04-20,72.188538
2007-04-23,71.782242
2007-04-24,71.670876
2007-04-25,72.425201
2007-04-26,72.386177
2007-04-27,72.6166
2007-04-30,71.967514
2007-05-01,72.333694
2007-05-02,71.893745
2007-05-03,71.509338
2007-05-04,71.542862
2007-05-07,70.875526
2007-05-08,71.433556
2007-05-09,71.761559
2007-05-10,71.787018
2007-05-11,71.698532
2007-05-14,71.140541
2007-05-15,71.119774
2007-05-16,71.087448
2007-05-17,71.354866
2007-05-18,71.290756
2007-05-21,71.242722
2007-05-22,71.614624
2007-05-23,71.522179
2007-05-24,71.572571
2007-05-25,71.740448
2007-05-29,71.704651
2007-05-30,71.765335
2007-05-31,72.436043
2007-06-01,73.07402
2007-06-04,73.1091
2007-06-05,73.085625
2007-06-06,73.790779
2007-06-07,74.954445
2007-06-08,76.466362
2007-06-11,76.272827
2007-06-12,77.469254
2007-06-13,77.451157
2007-06-14,76.938866
2007-06-15,76.9561
2007-06-18,76.506386
2007-06-19,76.286484
2007-06-20,77.270554
2007-06-21,78.991371
2007-06-22,79.062691
2007-06-25,80.36882
2007-06-26,81.223007
2007-06-27,81.447037
2007-06-28,80.657631
2007-06-29,79.36306
2007-07-02,79.735901
2007-07-03,80.779678
2007-07-05,81.17704
2007-07-06,81.867805
2007-07-09,81.689842
2007-07-10,82.29509
2007-07-11,83.85849
2007-07-12,83.868073
2007-07-13,82.709572
2007-07-16,84.973854
2007-07-17,85.502159
2007-07-18,86.33007
2007-07-19,87.091438
2007-07-20,88.476257
2007-07-23,89.258743
2007-07-24,91.359619
2007-07-25,92.340599
2007-07-26,98.757927
2007-07-27,103.91507
2007-07-30,107.895691
2007-07-31,110.616051
2007-08-01,112.370895
2007-08-02,111.092697
2007-08-03,111.545441
2007-08-06,113.852585
2007-08-07,112.628609
2007-08-08,108.55201
2007-08-09,111.261101
2007-08-10,114.393806
2007-08-13,114.082062
2007-08-14,115.577454
2007-08-15,125.427269
2007-08-16,134.506744
2007-08-17,126.925201
2007-08-20,130.590057
2007-08-21,132.198135
2007-08-22,130.986633
2007-08-23,128.355057
2007-08-24,128.273544
2007-08-27,128.601196
2007-08-28,129.130417
2007-08-29,129.818863
2007-08-30,131.697357
2007-08-31,136.895264
2007-09-04,137.335892
2007-09-05,138.090347
2007-09-06,138.672089
2007-09-07,141.698288
2007-09-10,142.951904
2007-09-11,143.636459
2007-09-12,144.938934
2007-09-13,144.801849
2007-09-14,150.260986
2007-09-17,148.114304
2007-09-18,147.390869
2007-09-19,141.572647
2007-09-20,141.510956
2007-09-21,138.094162
2007-09-24,137.347534
2007-09-25,139.552536
2007-09-26,140.0056
2007-09-27,139.77211
2007-09-28,140.338699
2007-10-01,140.088516
2007-10-02,138.76001
2007-10-03,136.884247
2007-10-04,134.603683
2007-10-05,134.407211
2007-10-09,133.377777
2007-10-10,131.649139
2007-10-11,130.726608
2007-10-12,130.030762
2007-10-15,125.85878
2007-10-16,127.090218
2007-10-17,128.335892
2007-10-18,131.861191
2007-10-19,132.737534
2007-10-22,138.235107
2007-10-23,136.230179
2007-10-24,137.779541
2007-10-25,139.232422
2007-10-26,139.13089
2007-10-29,137.200577
2007-10-30,137.671661
2007-10-31,136.845001
2007-11-01,140.49617
2007-11-02,146.729568
2007-11-05,150.462463
2007-11-06,151.236237
2007-11-07,155.787811
2007-11-08,159.838058
2007-11-09,161.687775
2007-11-13,163.560654
2007-11-14,163.21431
2007-11-15,175.536087
2007-11-16,177.616165
2007-11-19,181.54538
2007-11-20,185.723328
2007-11-21,189.995895
2007-11-23,187.309113
2007-11-26,185.575287
2007-11-27,187.131134
2007-11-28,185.466934
2007-11-29,191.826752
2007-11-30,197.852203
2007-12-03,205.508255
2007-12-04,208.332092
2007-12-05,209.436661
2007-12-06,217.303284
2007-12-07,219.388657
2007-12-10,218.853622
2007-12-11,217.172287
2007-12-12,216.129166
2007-12-13,216.244537
2007-12-14,206.175308
2007-12-17,206.389679
2007-12-18,206.425827
2007-12-19,207.995956
2007-12-20,208.263443
2007-12-21,209.995453
2007-12-24,209.039276
2007-12-26,210.024414
2007-12-27,208.750565
2007-12-28,208.544327
2007-12-31,209.949219
2008-01-02,212.370377
2008-01-03,214.983582
2008-01-04,214.987091
2008-01-07,215.746979
2008-01-08,217.388046
2008-01-09,222.249481
2008-01-10,222.107742
2008-01-11,220.441971
2008-01-14,223.86171
2008-01-15,228.069046
2008-01-16,229.880936
2008-01-17,231.814026
2008-01-18,233.950714
2008-01-22,244.811279
2008-01-23,245.38118
2008-01-24,242.868195
2008-01-25,239.805084
2008-01-28,242.514847
2008-01-29,241.968506
2008-01-30,241.394943
2008-01-31,245.817596
2008-02-01,247.396545
2008-02-04,247.49176
2008-02-05,247.898392
2008-02-06,249.507401
2008-02-07,251.960403
2008-02-08,252.440353
2008-02-11,252.284531
2008-02-12,256.166809
2008-02-13,257.895935
2008-02-14,258.0737
2008-02-15,263.64727800000003
2008-02-19,265.083862
2008-02-20,266.301605
2008-02-21,264.829529
2008-02-22,266.448456
2008-02-25,268.161713
2008-02-26,269.496979
2008-02-27,269.941772
2008-02-28,270.337036
2008-02-29,281.605347
2008-03-03,287.691345
2008-03-04,290.595215
2008-03-05,297.527496
2008-03-06,304.372375
2008-03-07,308.832733
2008-03-10,312.617188
2008-03-11,315.763092
2008-03-12,315.82547
2008-03-13,325.71402
2008-03-14,338.977631
2008-03-17,340.14447
2008-03-18,332.228668
2008-03-19,331.516235
2008-03-20,331.810211
2008-03-24,328.209106
2008-03-25,325.245453
2008-03-26,326.551147
2008-03-27,329.513031
2008-03-28,328.863922
2008-03-31,331.477112
2008-04-01,331.74102800000003
2008-04-02,329.749359
2008-04-03,325.778809
2008-04-04,319.196716
2008-04-07,312.946045
2008-04-08,312.742249
2008-04-09,311.070984
2008-04-10,312.791962
2008-04-11,312.424347
2008-04-14,312.748566
2008-04-15,309.6203
2008-04-16,306.659424
2008-04-17,302.955017
2008-04-18,298.17807
2008-04-21,294.194702
2008-04-22,294.201904
2008-04-23,292.733704
2008-04-24,292.05304
2008-04-25,289.268677
2008-04-28,284.196411
2008-04-29,279.009247
2008-04-30,277.183533
2008-05-01,272.16629
2008-05-02,265.687775
2008-05-05,264.357513
2008-05-06,268.170349
2008-05-07,268.26828
2008-05-08,267.22113
2008-05-09,267.448212
2008-05-12,266.789276
2008-05-13,268.582306
2008-05-14,266.865906
2008-05-15,261.364136
2008-05-16,259.512695
2008-05-19,257.783417
2008-05-20,259.44931
2008-05-21,260.038422
2008-05-22,261.308105
2008-05-23,262.809235
2008-05-27,265.295929
2008-05-28,263.499817
2008-05-29,263.36602800000003
2008-05-30,260.541443
2008-06-02,264.330231
2008-06-03,265.167847
2008-06-04,266.164062
2008-06-05,265.857391
2008-06-06,265.161438
2008-06-09,261.407227
2008-06-10,261.599915
2008-06-11,262.80896
2008-06-12,264.233337
2008-06-13,262.500854
2008-06-16,262.590179
2008-06-17,264.25473
2008-06-18,263.723175
2008-06-19,264.491852
2008-06-20,266.997681
2008-06-23,267.715942
2008-06-24,272.447937
2008-06-25,276.501617
2008-06-26,280.089996
2008-06-27,290.302765
2008-06-30,292.065125
2008-07-01,296.826141
2008-07-02,296.505463
2008-07-03,297.789856
2008-07-07,300.045013
2008-07-08,300.215424
2008-07-09,299.504517
2008-07-10,299.296387
2008-07-11,301.391571
2008-07-14,300.5867
2008-07-15,306.894562
2008-07-16,315.042419
2008-07-17,315.502197
2008-07-18,316.001068
2008-07-21,319.698364
2008-07-22,320.869446
2008-07-23,317.531799
2008-07-24,317.114899
2008-07-25,316.493073
2008-07-28,316.706604
2008-07-29,316.59082
2008-07-30,317.505005
2008-07-31,322.062317
2008-08-01,321.321899
2008-08-04,319.671906
2008-08-05,320.539642
2008-08-06,319.809387
2008-08-07,320.145508
2008-08-08,318.088348
2008-08-11,318.752045
2008-08-12,319.057159
2008-08-13,320.451782
2008-08-14,322.103729
2008-08-15,327.441406
2008-08-18,328.560852
2008-08-19,334.381683
2008-08-20,335.850311
2008-08-21,336.130981
2008-08-22,336.653931
2008-08-25,335.571777
2008-08-26,335.408447
2008-08-27,337.23172
2008-08-28,338.582306
2008-08-29,338.977783
2008-09-02,339.298157
2008-09-03,338.684662
2008-09-04,339.401855
2008-09-05,342.671143
2008-09-08,337.748016
2008-09-09,342.502258
2008-09-10,347.292175
2008-09-11,355.542145
2008-09-12,361.254547
2008-09-15,419.000153
2008-09-16,396.243591
2008-09-17,434.632477
2008-09-18,447.195679
2008-09-19,423.609589
2008-09-22,413.838013
2008-09-23,420.412445
2008-09-24,426.895721
2008-09-25,442.427704
2008-09-26,475.110443
2008-09-29,487.333435
2008-09-30,506.262604
2008-10-01,518.675537
2008-10-02,529.565613
2008-10-03,527.514343
2008-10-06,545.841064
2008-10-07,542.830811
2008-10-08,572.705566
2008-10-09,583.57019
2008-10-10,598.919067
2008-10-14,590.659302
2008-10-15,623.698364
2008-10-16,624.622559
2008-10-17,625.74585
2008-10-20,627.983276
2008-10-21,625.05127
2008-10-22,624.949097
2008-10-23,630.514465
2008-10-24,642.374512
2008-10-27,645.784363
2008-10-28,643.428711
2008-10-29,648.678772
2008-10-30,662.919312
2008-10-31,675.825989
2008-11-03,683.918396
2008-11-04,676.777893
2008-11-05,664.012756
2008-11-06,658.700745
2008-11-07,656.363342
2008-11-10,635.246399
2008-11-12,622.147644
2008-11-13,622.304626
2008-11-14,625.896729
2008-11-17,640.637634
2008-11-18,647.208984
2008-11-19,652.783813
2008-11-20,672.99054
2008-11-21,685.51178
2008-11-24,679.255432
2008-11-25,681.326721
2008-11-26,684.39801
2008-11-28,688.716858
2008-12-01,689.770996
2008-12-02,693.24762
2008-12-03,699.305725
2008-12-04,699.441589
2008-12-05,695.537476
2008-12-08,692.094421
2008-12-09,690.87146
2008-12-10,688.543274
2008-12-11,688.850708
2008-12-12,689.690613
2008-12-15,677.475159
2008-12-16,678.208313
2008-12-17,669.407959
2008-12-18,663.236572
2008-12-19,656.24176
2008-12-22,649.381287
2008-12-23,648.663208
2008-12-24,648.159912
2008-12-26,642.881714
2008-12-29,641.779724
2008-12-30,641.006348
2008-12-31,632.313416
2009-01-02,632.435852
2009-01-05,627.5758060000001
2009-01-06,612.47937
2009-01-07,588.200012
2009-01-08,576.709595
2009-01-09,576.586121
2009-01-12,571.622314
2009-01-13,572.387207
2009-01-14,555.581177
2009-01-15,551.852173
2009-01-16,548.53772
2009-01-20,547.547485
2009-01-21,547.377258
2009-01-22,554.297668
2009-01-23,549.875427
2009-01-26,545.770325
2009-01-27,545.018921
2009-01-28,533.864319
2009-01-29,529.177002
2009-01-30,527.054626
2009-02-02,524.816101
2009-02-03,524.397949
2009-02-04,527.670349
2009-02-05,529.308411
2009-02-06,527.202942
2009-02-09,521.607422
2009-02-10,514.463013
2009-02-11,510.199768
2009-02-12,507.706207
2009-02-13,513.306946
2009-02-17,513.116882
2009-02-18,523.002075
2009-02-19,528.436218
2009-02-20,536.789001
2009-02-23,543.675659
2009-02-24,548.144348
2009-02-25,548.934265
2009-02-26,547.671387
2009-02-27,551.433838
2009-03-02,552.092346
2009-03-03,555.84967
2009-03-04,567.390442
2009-03-05,572.384216
2009-03-06,572.843689
2009-03-09,583.591064
2009-03-10,584.620117
2009-03-11,586.485046
2009-03-12,588.951965
2009-03-13,589.144531
2009-03-16,582.987732
2009-03-17,581.152954
2009-03-18,572.281921
2009-03-19,572.683594
2009-03-20,573.171326
2009-03-23,574.817566
2009-03-24,574.857666
2009-03-25,572.616577
2009-03-26,572.828613
2009-03-27,569.450073
2009-03-30,575.5224
2009-03-31,579.805359
2009-04-01,578.403992
2009-04-02,571.809143
2009-04-03,569.857666
2009-04-06,562.991699
2009-04-07,561.115601
2009-04-08,558.804199
2009-04-09,554.332886
2009-04-13,539.633911
2009-04-14,527.772644
2009-04-15,530.992249
2009-04-16,521.039734
2009-04-17,518.394653
2009-04-20,513.634399
2009-04-21,518.593872
2009-04-22,516.597229
2009-04-23,508.524475
2009-04-24,503.781982
2009-04-27,496.55957
2009-04-28,492.245789
2009-04-29,488.34021
2009-04-30,457.744202
2009-05-01,460.579132
2009-05-04,454.011444
2009-05-05,446.531647
2009-05-06,436.825409
2009-05-07,431.989685
2009-05-08,423.524292
2009-05-11,422.221893
2009-05-12,421.161591
2009-05-13,419.936432
2009-05-14,423.085175
2009-05-15,418.95816
2009-05-18,415.720428
2009-05-19,406.405426
2009-05-20,399.154114
2009-05-21,398.916351
2009-05-22,399.031738
2009-05-26,394.960541
2009-05-27,386.725311
2009-05-28,381.210297
2009-05-29,366.44397
2009-06-01,353.042633
2009-06-02,339.767761
2009-06-03,337.87558
2009-06-04,334.709686
2009-06-05,332.338165
2009-06-08,332.182831
2009-06-09,329.189087
2009-06-10,318.122528
2009-06-11,313.589417
2009-06-12,309.093964
2009-06-15,309.376343
2009-06-16,304.361053
2009-06-17,308.53653
2009-06-18,312.556335
2009-06-19,309.989655
2009-06-22,307.101288
2009-06-23,309.062103
2009-06-24,309.230194
2009-06-25,306.83847
2009-06-26,306.273865
2009-06-29,306.645752
2009-06-30,302.109741
2009-07-01,301.239014
2009-07-02,301.082733
2009-07-06,301.752167
2009-07-07,300.544189
2009-07-08,294.704254
2009-07-09,294.657806
2009-07-10,293.166382
2009-07-13,293.47525
2009-07-14,293.295502
2009-07-15,295.407623
2009-07-16,295.712708
2009-07-17,293.200623
2009-07-20,283.81424
2009-07-21,276.782104
2009-07-22,275.748627
2009-07-23,273.762543
2009-07-24,271.78241
2009-07-27,268.929932
2009-07-28,265.325958
2009-07-29,256.386444
2009-07-30,256.35025
2009-07-31,245.673691
2009-08-03,245.101944
2009-08-04,244.061783
2009-08-05,242.496063
2009-08-06,240.185364
2009-08-07,239.073166
2009-08-10,237.901154
2009-08-11,234.118652
2009-08-12,233.704788
2009-08-13,231.259232
2009-08-14,225.669022
2009-08-17,233.477783
2009-08-18,236.389313
2009-08-19,243.607193
2009-08-20,241.934769
2009-08-21,236.888168
2009-08-24,233.068726
2009-08-25,231.875824
2009-08-26,230.839462
2009-08-27,227.543518
2009-08-28,226.493286
2009-08-31,222.075745
2009-09-01,224.497192
2009-09-02,222.496552
2009-09-03,222.95195
2009-09-04,222.870972
2009-09-08,219.082657
2009-09-09,215.639618
2009-09-10,213.072708
2009-09-11,209.924316
2009-09-14,209.703766
2009-09-15,207.089279
2009-09-16,203.922882
2009-09-17,202.011154
2009-09-18,202.551712
2009-09-21,203.643326
2009-09-22,203.449127
2009-09-23,203.110703
2009-09-24,201.505386
2009-09-25,200.988525
2009-09-28,202.802887
2009-09-29,206.363037
2009-09-30,206.13916
2009-10-01,210.155975
2009-10-02,211.498428
2009-10-05,211.524414
2009-10-06,210.968887
2009-10-07,205.157654
2009-10-08,204.23822
2009-10-09,204.968643
2009-10-13,204.270905
2009-10-14,203.167542
2009-10-15,203.097519
2009-10-16,201.731735
2009-10-19,201.309875
2009-10-20,199.987076
2009-10-21,198.339462
2009-10-22,198.606369
2009-10-23,201.162186
2009-10-26,198.821625
2009-10-27,198.198929
2009-10-28,192.512207
2009-10-29,192.811096
2009-10-30,196.930634
2009-11-02,195.493881
2009-11-03,199.137192
2009-11-04,198.168579
2009-11-05,194.295898
2009-11-06,192.985611
2009-11-09,192.751022
2009-11-10,194.276932
2009-11-12,193.722458
2009-11-13,192.223221
2009-11-16,193.930084
2009-11-17,193.2267
2009-11-18,193.250763
2009-11-19,193.012314
2009-11-20,203.233383
2009-11-23,202.986542
2009-11-24,204.675629
2009-11-25,198.232544
2009-11-27,190.508621
2009-11-30,193.754181
2009-12-01,195.372971
2009-12-02,193.420456
2009-12-03,192.730301
2009-12-04,189.246262
2009-12-07,189.654266
2009-12-08,186.149719
2009-12-09,184.609161
2009-12-10,181.686203
2009-12-11,180.600861
2009-12-14,177.013687
2009-12-15,170.540283
2009-12-16,170.67012
2009-12-17,170.025848
2009-12-18,169.113464
2009-12-21,169.41684
2009-12-22,169.450775
2009-12-23,168.507629
2009-12-24,168.824936
2009-12-28,166.740646
2009-12-29,163.930771
2009-12-30,160.452393
2009-12-31,158.130615
2010-01-04,158.106857
2010-01-05,154.226471
2010-01-06,152.656845
2010-01-07,148.969467
2010-01-08,148.199265
2010-01-11,146.833725
2010-01-12,147.35997
2010-01-13,148.36702
2010-01-14,146.197083
2010-01-15,150.634125
2010-01-19,150.195465
2010-01-20,150.233627
2010-01-21,150.305328
2010-01-22,154.34584
2010-01-25,155.001907
2010-01-26,150.01123
2010-01-27,148.570755
2010-01-28,148.751068
2010-01-29,146.550476
2010-02-01,151.40358
2010-02-02,150.080994
2010-02-03,148.652512
2010-02-04,151.832596
2010-02-05,155.052307
2010-02-08,157.500732
2010-02-09,160.725433
2010-02-10,160.239807
2010-02-11,160.935287
2010-02-12,157.553589
2010-02-16,161.279419
2010-02-17,160.600479
2010-02-18,158.172287
2010-02-19,156.844666
2010-02-22,153.562195
2010-02-23,152.240936
2010-02-24,152.431396
2010-02-25,153.567596
2010-02-26,153.162247
2010-03-01,152.686157
2010-03-02,150.489105
2010-03-03,151.076889
2010-03-04,150.038986
2010-03-05,148.396759
2010-03-08,147.821854
2010-03-09,147.202362
2010-03-10,145.409988
2010-03-11,144.656219
2010-03-12,143.421173
2010-03-15,141.861099
2010-03-16,141.531311
2010-03-17,139.076416
2010-03-18,138.26622
2010-03-19,137.676498
2010-03-22,138.275345
2010-03-23,137.734131
2010-03-24,137.520508
2010-03-25,137.260361
2010-03-26,134.490005
2010-03-29,132.787384
2010-03-30,130.588684
2010-03-31,128.882904
2010-04-01,131.316681
2010-04-02,130.085129
2010-04-05,128.682358
2010-04-06,128.595963
2010-04-07,128.310699
2010-04-08,128.490921
2010-04-09,127.763298
2010-04-12,125.550613
2010-04-13,124.361656
2010-04-14,123.675377
2010-04-15,122.422729
2010-04-16,120.66301
2010-04-19,122.502945
2010-04-20,121.549896
2010-04-21,120.234184
2010-04-22,121.474869
2010-04-23,121.427391
2010-04-26,122.329391
2010-04-27,125.162148
2010-04-28,127.757683
2010-04-29,125.60672
2010-04-30,121.69519
2010-05-03,126.976196
2010-05-04,127.986771
2010-05-05,134.072388
2010-05-06,148.27298
2010-05-07,153.626785
2010-05-10,148.612823
2010-05-11,153.013504
2010-05-12,151.740479
2010-05-13,151.4254
2010-05-14,149.16449
2010-05-17,154.422806
2010-05-18,154.210022
2010-05-19,160.072586
2010-05-20,163.750015
2010-05-21,166.781281
2010-05-24,170.188919
2010-05-25,176.501572
2010-05-26,172.359741
2010-05-27,175.782944
2010-05-28,174.866714
2010-05-31,174.866714
2010-06-01,178.440918
2010-06-02,181.129776
2010-06-03,180.155823
2010-06-04,179.820938
2010-06-07,179.089844
2010-06-08,180.912689
2010-06-09,185.899414
2010-06-10,188.35556
2010-06-11,186.861877
2010-06-14,187.0569
2010-06-15,189.777588
2010-06-16,189.798096
2010-06-17,186.406998
2010-06-18,184.824661
2010-06-21,182.329163
2010-06-22,181.669754
2010-06-23,182.476013
2010-06-24,183.788101
2010-06-25,185.52002
2010-06-28,184.431015
2010-06-29,185.497528
2010-06-30,186.417145
2010-07-01,186.294418
2010-07-02,184.816483
2010-07-06,183.84787
2010-07-07,182.793686
2010-07-08,180.77124
2010-07-09,178.363831
2010-07-12,176.399124
2010-07-13,175.232147
2010-07-14,172.37236
2010-07-15,169.846527
2010-07-16,169.318665
2010-07-19,170.336563
2010-07-20,169.283859
2010-07-21,167.893738
2010-07-22,167.271164
2010-07-23,166.372314
2010-07-26,163.883224
2010-07-27,160.450043
2010-07-28,159.201187
2010-07-29,159.533112
2010-07-30,159.982635
2010-08-02,160.044006
2010-08-03,158.025269
2010-08-04,156.877533
2010-08-05,156.439163
2010-08-06,155.991226
2010-08-09,156.37851
2010-08-10,156.049286
2010-08-11,157.766891
2010-08-12,159.83873
2010-08-13,158.348557
2010-08-16,158.693069
2010-08-17,158.859665
2010-08-18,158.665039
2010-08-19,157.756927
2010-08-20,159.971024
2010-08-23,158.148346
2010-08-24,159.188538
2010-08-25,161.207855
2010-08-26,160.317871
2010-08-27,161.697632
2010-08-30,163.708145
2010-08-31,163.044647
2010-09-01,163.860992
2010-09-02,161.797821
2010-09-03,160.77803
2010-09-07,159.896866
2010-09-08,158.118347
2010-09-09,157.48204
2010-09-10,156.618591
2010-09-13,153.993332
2010-09-14,152.157318
2010-09-15,154.851913
2010-09-16,154.181412
2010-09-17,153.777664
2010-09-20,152.615005
2010-09-21,151.766342
2010-09-22,152.523102
2010-09-23,154.477005
2010-09-24,153.710083
2010-09-27,150.004852
2010-09-28,148.889496
2010-09-29,148.58049
2010-09-30,148.602554
2010-10-01,149.377151
2010-10-04,148.059464
2010-10-05,146.331818
2010-10-06,144.344467
2010-10-07,143.229965
2010-10-08,142.960953
2010-10-12,142.113297
2010-10-13,140.985458
2010-10-14,143.160599
2010-10-15,148.734665
2010-10-18,147.539978
2010-10-19,146.912247
2010-10-20,147.962433
2010-10-21,147.168152
2010-10-22,146.894821
2010-10-25,145.412384
2010-10-26,144.734238
2010-10-27,145.068848
2010-10-28,143.777191
2010-10-29,146.856476
2010-11-01,146.112656
2010-11-02,145.750824
2010-11-03,144.375778
2010-11-04,141.44162
2010-11-05,140.113358
2010-11-08,138.178162
2010-11-09,139.26889
2010-11-10,140.720352
2010-11-12,142.848358
2010-11-15,145.33902
2010-11-16,147.346024
2010-11-17,147.752365
2010-11-18,147.661057
2010-11-19,148.291458
2010-11-22,147.729675
2010-11-23,148.881516
2010-11-24,148.807053
2010-11-26,149.767273
2010-11-29,150.82338
2010-11-30,156.623169
2010-12-01,158.979218
2010-12-02,159.463776
2010-12-03,159.34375
2010-12-06,157.698135
2010-12-07,157.985306
2010-12-08,158.45195
2010-12-09,158.090485
2010-12-10,159.635651
2010-12-13,157.328262
2010-12-14,160.1595
2010-12-15,159.921707
2010-12-16,159.445312
2010-12-17,157.42952
2010-12-20,157.685455
2010-12-21,157.301712
2010-12-22,157.636658
2010-12-23,155.932983
2010-12-27,156.100922
2010-12-28,157.583527
2010-12-29,152.86087
2010-12-30,153.597519
2010-12-31,155.069611
2011-01-03,152.813751
2011-01-04,149.478714
2011-01-05,149.197556
2011-01-06,147.863342
2011-01-07,148.345673
2011-01-10,148.76239
2011-01-11,148.144348
2011-01-12,147.65123
2011-01-13,145.792206
2011-01-14,143.122101
2011-01-18,144.152359
2011-01-19,143.605606
2011-01-20,145.02359
2011-01-21,144.534683
2011-01-24,144.108643
2011-01-25,144.554153
2011-01-26,144.513275
2011-01-27,144.557236
2011-01-28,144.038971
2011-01-31,142.33519
2011-02-01,142.489868
2011-02-02,141.193146
2011-02-03,140.456223
2011-02-04,139.731018
2011-02-07,137.280594
2011-02-08,135.435623
2011-02-09,134.61499
2011-02-10,135.230423
2011-02-11,135.096893
2011-02-14,133.067322
2011-02-15,129.530792
2011-02-16,128.808868
2011-02-17,128.688538
2011-02-18,128.357544
2011-02-22,128.920898
2011-02-23,129.303406
2011-02-24,131.64389
2011-02-25,130.91983
2011-02-28,128.324554
2011-03-01,128.432053
2011-03-02,128.92836
2011-03-03,128.204697
2011-03-04,128.477921
2011-03-07,128.422836
2011-03-08,127.702423
2011-03-09,127.121986
2011-03-10,127.74752
2011-03-11,128.723297
2011-03-14,129.800552
2011-03-15,136.248718
2011-03-16,137.608307
2011-03-17,138.712036
2011-03-18,137.440292
2011-03-21,136.206833
2011-03-22,135.042587
2011-03-23,135.316284
2011-03-24,135.551514
2011-03-25,134.98616
2011-03-28,134.842438
2011-03-29,134.544235
2011-03-30,133.734467
2011-03-31,133.71521
2011-04-01,135.301697
2011-04-04,133.252502
2011-04-05,131.883331
2011-04-06,130.194794
2011-04-07,129.505569
2011-04-08,128.379135
2011-04-11,127.653229
2011-04-12,128.21373
2011-04-13,127.794144
2011-04-14,128.878784
2011-04-15,127.879395
2011-04-18,128.583603
2011-04-19,128.729858
2011-04-20,127.919655
2011-04-21,127.719162
2011-04-25,127.052597
2011-04-26,126.969208
2011-04-27,126.969116
2011-04-28,127.910049
2011-04-29,129.156128
2011-05-02,129.171661
2011-05-03,129.140198
2011-05-04,128.300842
2011-05-05,128.03241
2011-05-06,128.312485
2011-05-09,127.959625
2011-05-10,128.152084
2011-05-11,128.091293
2011-05-12,129.602158
2011-05-13,128.718369
2011-05-16,128.922638
2011-05-17,129.057892
2011-05-18,129.515747
2011-05-19,129.722
2011-05-20,129.550583
2011-05-23,131.140747
2011-05-24,131.733765
2011-05-25,133.014603
2011-05-26,133.463821
2011-05-27,135.341202
2011-05-31,133.278839
2011-06-01,135.151428
2011-06-02,137.739868
2011-06-03,138.354706
2011-06-06,139.220413
2011-06-07,139.167587
2011-06-08,140.492523
2011-06-09,142.69136
2011-06-10,143.387375
2011-06-13,144.395264
2011-06-14,144.385406
2011-06-15,143.694016
2011-06-16,144.789322
2011-06-17,144.009735
2011-06-20,147.173035
2011-06-21,146.896637
2011-06-22,147.058167
2011-06-23,148.436508
2011-06-24,148.880371
2011-06-27,150.04454
2011-06-28,150.060623
2011-06-29,148.545883
2011-06-30,150.016159
2011-07-01,148.865234
2011-07-05,145.727844
2011-07-06,146.218018
2011-07-07,145.691742
2011-07-08,145.147202
2011-07-11,147.348969
2011-07-12,148.315247
2011-07-13,147.098663
2011-07-14,148.67157
2011-07-15,148.630829
2011-07-18,151.091309
2011-07-19,150.997498
2011-07-20,149.674728
2011-07-21,149.61937
2011-07-22,146.839401
2011-07-25,149.23938
2011-07-26,148.519287
2011-07-27,148.38533
2011-07-28,149.264038
2011-07-29,148.77739
2011-08-01,148.458664
2011-08-02,149.224228
2011-08-03,151.052002
2011-08-04,153.781036
2011-08-05,161.135742
2011-08-08,170.834015
2011-08-09,175.606018
2011-08-10,177.450211
2011-08-11,185.656631
2011-08-12,188.345779
2011-08-15,196.64537
2011-08-16,196.335678
2011-08-17,195.257935
2011-08-18,196.816177
2011-08-19,201.548264
2011-08-22,203.03093
2011-08-23,209.853806
2011-08-24,213.351715
2011-08-25,208.253296
2011-08-26,210.198059
2011-08-29,210.396912
2011-08-30,207.131729
2011-08-31,204.318207
2011-09-01,202.845993
2011-09-02,204.850327
2011-09-06,209.834778
2011-09-07,207.67067
2011-09-08,207.835464
2011-09-09,210.279312
2011-09-12,216.251953
2011-09-13,216.366852
2011-09-14,214.95285
2011-09-15,217.212479
2011-09-16,217.865021
2011-09-19,220.063065
2011-09-20,221.104874
2011-09-21,222.608322
2011-09-22,230.875778
2011-09-23,236.899811
2011-09-26,236.142136
2011-09-27,234.290939
2011-09-28,235.31665
2011-09-29,235.382965
2011-09-30,237.659683
2011-10-03,240.096954
2011-10-04,251.690506
2011-10-05,253.806366
2011-10-06,251.106415
2011-10-07,250.933777
2011-10-11,245.363419
2011-10-12,242.087814
2011-10-13,239.03894
2011-10-14,238.871017
2011-10-17,238.278168
2011-10-18,237.751022
2011-10-19,231.633881
2011-10-20,231.022827
2011-10-21,227.514313
2011-10-24,223.364929
2011-10-25,220.185394
2011-10-26,220.311264
2011-10-27,210.649231
2011-10-28,208.473343
2011-10-31,209.135422
2011-11-01,214.566437
2011-11-02,213.880951
2011-11-03,212.957932
2011-11-04,211.223953
2011-11-07,212.50145
2011-11-08,213.718231
2011-11-09,221.883804
2011-11-10,222.856232
2011-11-14,222.678162
2011-11-15,226.407242
2011-11-16,229.284576
2011-11-17,235.200729
2011-11-18,236.821106
2011-11-21,242.450577
2011-11-22,246.16214
2011-11-23,251.269958
2011-11-25,255.624344
2011-11-28,251.265289
2011-11-29,252.557968
2011-11-30,250.892609
2011-12-01,250.184525
2011-12-02,242.181351
2011-12-05,237.348587
2011-12-06,238.755707
2011-12-07,237.915207
2011-12-08,238.217163
2011-12-09,240.588486
2011-12-12,242.201004
2011-12-13,241.601639
2011-12-14,241.854477
2011-12-15,245.886734
2011-12-16,244.722992
2011-12-19,244.506149
2011-12-20,245.604385
2011-12-21,244.169296
2011-12-22,243.942398
2011-12-23,245.180817
2011-12-27,243.983109
2011-12-28,243.371552
2011-12-29,244.311768
2011-12-30,242.988342
2012-01-03,239.980209
2012-01-04,237.80397
2012-01-05,237.604828
2012-01-06,235.226532
2012-01-09,233.124359
2012-01-10,230.582901
2012-01-11,230.757828
2012-01-12,228.140945
2012-01-13,228.097366
2012-01-17,230.019241
2012-01-18,226.602859
2012-01-19,222.514633
2012-01-20,220.007004
2012-01-23,217.452118
2012-01-24,214.786957
2012-01-25,212.713409
2012-01-26,206.475418
2012-01-27,205.023666
2012-01-30,206.468796
2012-01-31,202.732819
2012-02-01,199.356064
2012-02-02,196.27124
2012-02-03,193.357803
2012-02-06,189.706955
2012-02-07,188.510605
2012-02-08,186.154846
2012-02-09,185.338623
2012-02-10,187.33902
2012-02-13,186.987488
2012-02-14,186.552536
2012-02-15,183.371918
2012-02-16,188.621948
2012-02-17,184.571747
2012-02-21,182.562668
2012-02-22,182.270264
2012-02-23,183.028336
2012-02-24,180.761719
2012-02-27,179.802124
2012-02-28,177.388062
2012-02-29,172.395157
2012-03-01,171.91449
2012-03-02,170.161392
2012-03-05,171.375473
2012-03-06,174.539062
2012-03-07,174.399414
2012-03-08,172.591965
2012-03-09,173.01236
2012-03-12,173.045013
2012-03-13,171.024826
2012-03-14,168.6147
2012-03-15,170.007294
2012-03-16,168.546387
2012-03-19,169.477692
2012-03-20,169.361313
2012-03-21,167.981873
2012-03-22,170.916275
2012-03-23,171.9207
2012-03-26,170.716278
2012-03-27,169.641724
2012-03-28,169.996338
2012-03-29,170.198792
2012-03-30,169.919189
2012-04-02,170.131317
2012-04-03,169.913971
2012-04-04,171.92395
2012-04-05,173.475266
2012-04-06,172.887497
2012-04-09,177.489914
2012-04-10,178.902771
2012-04-11,179.01001
2012-04-12,177.345291
2012-04-13,174.943466
2012-04-16,178.838425
2012-04-17,177.526138
2012-04-18,177.949493
2012-04-19,178.23764
2012-04-20,179.423248
2012-04-23,181.429153
2012-04-24,181.161667
2012-04-25,179.172287
2012-04-26,178.113815
2012-04-27,177.342621
2012-04-30,175.414246
2012-05-01,173.842911
2012-05-02,173.610886
2012-05-03,171.978729
2012-05-04,172.838242
2012-05-07,173.059525
2012-05-08,172.729309
2012-05-09,174.447952
2012-05-10,175.987732
2012-05-11,174.913696
2012-05-14,180.928909
2012-05-15,180.664703
2012-05-16,185.274338
2012-05-17,189.589355
2012-05-18,194.919556
2012-05-21,196.504517
2012-05-22,195.457581
2012-05-23,197.597137
2012-05-24,196.227478
2012-05-25,195.350861
2012-05-29,193.834473
2012-05-30,194.930908
2012-05-31,195.486938
2012-06-01,200.088226
2012-06-04,202.176666
2012-06-05,201.975342
2012-06-06,199.95993
2012-06-07,195.389145
2012-06-08,195.331161
2012-06-11,194.594864
2012-06-12,197.154114
2012-06-13,196.939819
2012-06-14,197.012497
2012-06-15,196.824203
2012-06-18,197.301605
2012-06-19,195.968857
2012-06-20,193.421387
2012-06-21,191.46138
2012-06-22,190.588943
2012-06-25,190.499069
2012-06-26,190.360657
2012-06-27,189.207458
2012-06-28,189.104324
2012-06-29,186.532425
2012-07-02,184.878723
2012-07-03,183.582184
2012-07-05,183.340698
2012-07-06,183.233292
2012-07-09,183.877075
2012-07-10,180.95372
2012-07-11,179.735886
2012-07-12,178.485535
2012-07-13,177.006775
2012-07-16,176.663254
2012-07-17,174.252502
2012-07-18,169.560135
2012-07-19,168.916183
2012-07-20,170.342697
2012-07-23,174.71669
2012-07-24,175.383652
2012-07-25,175.062225
2012-07-26,172.0168
2012-07-27,166.894043
2012-07-30,165.306854
2012-07-31,164.258163
2012-08-01,162.801666
2012-08-02,163.121246
2012-08-03,162.838058
2012-08-06,159.878052
2012-08-07,158.545578
2012-08-08,158.163605
2012-08-09,157.38649
2012-08-10,158.243576
2012-08-13,156.105988
2012-08-14,155.626038
2012-08-15,157.807449
2012-08-16,158.022278
2012-08-17,157.243256
2012-08-20,156.197632
2012-08-21,155.119232
2012-08-22,154.462875
2012-08-23,154.766785
2012-08-24,155.858444
2012-08-27,154.032104
2012-08-28,153.111359
2012-08-29,153.204605
2012-08-30,152.330154
2012-08-31,151.735809
2012-09-04,153.45015
2012-09-05,152.2117
2012-09-06,149.668121
2012-09-07,145.402252
2012-09-10,145.873611
2012-09-11,144.686539
2012-09-12,142.635284
2012-09-13,140.88501
2012-09-14,138.387238
2012-09-17,137.60527
2012-09-18,137.865875
2012-09-19,136.220886
2012-09-20,135.986801
2012-09-21,134.716385
2012-09-24,135.474457
2012-09-25,135.768097
2012-09-26,137.166077
2012-09-27,135.648819
2012-09-28,133.855377
2012-10-01,132.707214
2012-10-02,131.001083
2012-10-03,130.020706
2012-10-04,127.105865
2012-10-05,124.854828
2012-10-09,124.148552
2012-10-10,125.115868
2012-10-11,122.85585
2012-10-12,121.223854
2012-10-15,119.250153
2012-10-16,116.428787
2012-10-17,112.827843
2012-10-18,111.871704
2012-10-19,111.953186
2012-10-22,113.67514
2012-10-23,116.192589
2012-10-24,115.600227
2012-10-25,115.512093
2012-10-26,115.162117
2012-10-29,116.877235
2012-10-31,115.40535
2012-11-01,115.515862
2012-11-02,114.227264
2012-11-05,115.174149
2012-11-06,116.396049
2012-11-07,115.236732
2012-11-08,116.412918
2012-11-09,118.61142
2012-11-13,118.849411
2012-11-14,120.267128
2012-11-15,124.883888
2012-11-16,126.24131
2012-11-19,126.18998
2012-11-20,125.704369
2012-11-21,125.592491
2012-11-23,124.497856
2012-11-26,124.554543
2012-11-27,124.398224
2012-11-28,125.158218
2012-11-29,123.465912
2012-11-30,122.238159
2012-12-03,122.127029
2012-12-04,121.939003
2012-12-05,121.11731
2012-12-06,121.615158
2012-12-07,122.272102
2012-12-10,122.577942
2012-12-11,122.19593
2012-12-12,121.518608
2012-12-13,121.173363
2012-12-14,121.956924
2012-12-17,121.229279
2012-12-18,119.393623
2012-12-19,116.696861
2012-12-20,116.574722
2012-12-21,117.76152
2012-12-24,118.747017
2012-12-26,117.947258
2012-12-27,116.604607
2012-12-28,118.633118
2012-12-31,117.004326
2013-01-02,114.242493
2013-01-03,110.574646
2013-01-04,109.626808
2013-01-07,108.575417
2013-01-08,109.073227
2013-01-09,110.226982
2013-01-10,110.055618
2013-01-11,109.498825
2013-01-14,110.229858
2013-01-15,111.785233
2013-01-16,114.170952
2013-01-17,113.431091
2013-01-18,114.093948
2013-01-22,114.786369
2013-01-23,114.204041
2013-01-24,114.338913
2013-01-25,113.033096
2013-01-28,111.555565
2013-01-29,112.171173
2013-01-30,112.328102
2013-01-31,113.091057
2013-02-01,113.510445
2013-02-04,113.760689
2013-02-05,113.437416
2013-02-06,113.278893
2013-02-07,112.986145
2013-02-08,112.621002
2013-02-11,112.332458
2013-02-12,111.915779
2013-02-13,110.73494
2013-02-14,110.653503
2013-02-15,111.829727
2013-02-19,110.568291
2013-02-20,109.982758
2013-02-21,110.341042
2013-02-22,110.519768
2013-02-25,110.575935
2013-02-26,111.782341
2013-02-27,111.180496
2013-02-28,109.592827
2013-03-01,112.118721
2013-03-04,111.245537
2013-03-05,110.780273
2013-03-06,109.732208
2013-03-07,109.47538
2013-03-08,108.7239
2013-03-11,108.836388
2013-03-12,108.288612
2013-03-13,108.049248
2013-03-14,107.321571
2013-03-15,110.672241
2013-03-18,112.732574
2013-03-19,111.569641
2013-03-20,112.213692
2013-03-21,112.824722
2013-03-22,113.868279
2013-03-25,113.374695
2013-03-26,114.195122
2013-03-27,115.044197
2013-03-28,113.316154
2013-03-29,113.316154
2013-04-01,115.489403
2013-04-02,115.210014
2013-04-03,114.519722
2013-04-04,114.40052
2013-04-05,113.827957
2013-04-08,113.192192
2013-04-09,112.70623
2013-04-10,111.556328
2013-04-11,110.492844
2013-04-12,110.639168
2013-04-15,112.212921
2013-04-16,111.749786
2013-04-17,111.698715
2013-04-18,112.018387
2013-04-19,111.697609
2013-04-22,110.941086
2013-04-23,109.780945
2013-04-24,109.078262
2013-04-25,109.184914
2013-04-26,108.554916
2013-04-29,108.128609
2013-04-30,109.024658
2013-05-01,109.168747
2013-05-02,108.272514
2013-05-03,107.191521
2013-05-06,106.908455
2013-05-07,105.116096
2013-05-08,105.260277
2013-05-09,105.47139
2013-05-10,105.317619
2013-05-13,105.276283
2013-05-14,104.865257
2013-05-15,104.731926
2013-05-16,103.845001
2013-05-17,103.379646
2013-05-20,103.148643
2013-05-21,103.103127
2013-05-22,103.589348
2013-05-23,104.970322
2013-05-24,104.6408
2013-05-28,104.240242
2013-05-29,104.709702
2013-05-30,105.56591
2013-05-31,105.604263
2013-06-03,109.526566
2013-06-04,110.322037
2013-06-05,114.642532
2013-06-06,116.148277
2013-06-07,115.476295
2013-06-10,114.934891
2013-06-11,117.453186
2013-06-12,117.824486
2013-06-13,117.817429
2013-06-14,117.505302
2013-06-17,119.04052
2013-06-18,120.7239
2013-06-19,123.299316
2013-06-20,129.275711
2013-06-21,130.481781
2013-06-24,134.792252
2013-06-25,136.7435
2013-06-26,135.490417
2013-06-27,134.062927
2013-06-28,132.552032
2013-07-01,134.435806
2013-07-02,132.12117
2013-07-03,132.340912
2013-07-05,132.652542
2013-07-08,131.015274
2013-07-09,127.829391
2013-07-10,126.903961
2013-07-11,123.372528
2013-07-12,123.486893
2013-07-15,123.122406
2013-07-16,121.68959
2013-07-17,120.235764
2013-07-18,119.36261
2013-07-19,117.336388
2013-07-22,117.088829
2013-07-23,115.766685
2013-07-24,115.072731
2013-07-25,116.215591
2013-07-26,116.006889
2013-07-29,116.072052
2013-07-30,115.369911
2013-07-31,116.421562
2013-08-01,115.581123
2013-08-02,113.663132
2013-08-05,113.501907
2013-08-06,113.035065
2013-08-07,113.136314
2013-08-08,112.191368
2013-08-09,112.398399
2013-08-12,112.825233
2013-08-13,113.561104
2013-08-14,113.44735
2013-08-15,116.522194
2013-08-16,117.536606
2013-08-19,118.377388
2013-08-20,118.190468
2013-08-21,119.232704
2013-08-22,119.633461
2013-08-23,118.122314
2013-08-26,117.27507
2013-08-27,117.283363
2013-08-28,118.383919
2013-08-29,117.547752
2013-08-30,119.995399
2013-09-03,119.769073
2013-09-04,117.070831
2013-09-05,117.76741
2013-09-06,117.234474
2013-09-09,116.707855
2013-09-10,117.076324
2013-09-11,116.609825
2013-09-12,115.77095
2013-09-13,116.367928
2013-09-16,117.590454
2013-09-17,117.283844
2013-09-18,114.25563
2013-09-19,113.705429
2013-09-20,113.340477
2013-09-23,113.353653
2013-09-24,112.529083
2013-09-25,110.192055
2013-09-26,111.030998
2013-09-27,111.746696
2013-09-30,115.428261
2013-10-01,115.014221
2013-10-02,114.600906
2013-10-03,113.033806
2013-10-04,113.026939
2013-10-07,113.583946
2013-10-08,112.722832
2013-10-09,113.389633
2013-10-10,112.32016
2013-10-11,111.734917
2013-10-15,112.390114
2013-10-16,110.700844
2013-10-17,107.852798
2013-10-18,107.024269
2013-10-21,107.854668
2013-10-22,106.070145
2013-10-23,106.537849
2013-10-24,105.76516
2013-10-25,105.561249
2013-10-28,105.582741
2013-10-29,103.751015
2013-10-30,102.999016
2013-10-31,104.54081
2013-11-01,105.001213
2013-11-04,104.00721
2013-11-05,106.525986
2013-11-06,104.418037
2013-11-07,103.960464
2013-11-08,105.671745
2013-11-12,105.50071
2013-11-13,104.491486
2013-11-14,102.7939
2013-11-15,102.999054
2013-11-18,101.463127
2013-11-19,101.695091
2013-11-20,101.838387
2013-11-21,102.145721
2013-11-22,100.704498
2013-11-25,98.658806
2013-11-26,97.856224
2013-11-27,98.422089
2013-11-29,97.538513
2013-12-02,98.524612
2013-12-03,98.016533
2013-12-04,101.098427
2013-12-05,101.414688
2013-12-06,101.243607
2013-12-09,100.586685
2013-12-10,98.640846
2013-12-11,98.730629
2013-12-12,98.478798
2013-12-13,98.621918
2013-12-16,97.532089
2013-12-17,95.634209
2013-12-18,95.645294
2013-12-19,94.728691
2013-12-20,94.814758
2013-12-23,96.328354
2013-12-24,96.023758
2013-12-26,95.734543
2013-12-27,95.417374
2013-12-30,93.863411
2013-12-31,91.234505
2014-01-02,90.019653
2014-01-03,88.598763
2014-01-06,87.917984
2014-01-07,86.85424
2014-01-08,86.080887
2014-01-09,84.891731
2014-01-10,84.677513
2014-01-13,86.429619
2014-01-14,86.201752
2014-01-15,86.4058
2014-01-16,86.854378
2014-01-17,86.774345
2014-01-21,87.323639
2014-01-22,87.865486
2014-01-23,88.609108
2014-01-24,91.709419
2014-01-27,92.433975
2014-01-28,92.010246
2014-01-29,91.823402
2014-01-30,92.237877
2014-01-31,91.38636
2014-02-03,93.183777
2014-02-04,94.851677
2014-02-05,94.307465
2014-02-06,93.384628
2014-02-07,91.756561
2014-02-10,91.237404
2014-02-11,90.169083
2014-02-12,88.942192
2014-02-13,88.350952
2014-02-14,88.052567
2014-02-18,88.549049
2014-02-19,88.075546
2014-02-20,88.203583
2014-02-21,87.679214
2014-02-24,86.612061
2014-02-25,85.713936
2014-02-26,85.359932
2014-02-27,84.990448
2014-02-28,84.186722
2014-03-03,86.06955
2014-03-04,85.436958
2014-03-05,85.186974
2014-03-06,85.161339
2014-03-07,85.191566
2014-03-10,85.138054
2014-03-11,84.938499
2014-03-12,85.804062
2014-03-13,85.535988
2014-03-14,86.161926
2014-03-17,87.617859
2014-03-18,87.010315
2014-03-19,86.959068
2014-03-20,86.266495
2014-03-21,84.500771
2014-03-24,84.800568
2014-03-25,84.031418
2014-03-26,82.138504
2014-03-27,81.891853
2014-03-28,81.959648
2014-03-31,81.24649
2014-04-01,82.354202
2014-04-02,81.503983
2014-04-03,80.654282
2014-04-04,79.244179
2014-04-07,79.157173
2014-04-08,78.816544
2014-04-09,78.515808
2014-04-10,78.258217
2014-04-11,78.549538
2014-04-14,78.596031
2014-04-15,77.829628
2014-04-16,77.512642
2014-04-17,77.749321
2014-04-21,77.208359
2014-04-22,76.806862
2014-04-23,76.51133
2014-04-24,76.11512
2014-04-25,77.416649
2014-04-28,76.789383
2014-04-29,77.538956
2014-04-30,76.33326
2014-05-01,77.405418
2014-05-02,76.8545
2014-05-05,77.446594
2014-05-06,76.917732
2014-05-07,76.632401
2014-05-08,76.379799
2014-05-09,76.421669
2014-05-12,76.441788
2014-05-13,76.946236
2014-05-14,76.171494
2014-05-15,76.785507
2014-05-16,77.660568
2014-05-19,78.040405
2014-05-20,77.831215
2014-05-21,77.979813
2014-05-22,78.587173
2014-05-23,78.195938
2014-05-27,78.020996
2014-05-28,77.41658
2014-05-29,77.362167
2014-05-30,76.513161
2014-06-02,79.313499
2014-06-03,79.552628
2014-06-04,79.372978
2014-06-05,79.105164
2014-06-06,77.91716
2014-06-09,76.902756
2014-06-10,76.470863
2014-06-11,77.032829
2014-06-12,76.391296
2014-06-13,76.396202
2014-06-16,75.588394
2014-06-17,75.566475
2014-06-18,74.554535
2014-06-19,74.256317
2014-06-20,74.258095
2014-06-23,73.706871
2014-06-24,72.617783
2014-06-25,72.98304
2014-06-26,73.221573
2014-06-27,73.754112
2014-06-30,74.045731
2014-07-01,73.718102
2014-07-02,74.009682
2014-07-03,73.332031
2014-07-07,72.49775700000001
2014-07-08,72.366135
2014-07-09,72.462372
2014-07-10,73.617874
2014-07-11,73.5886
2014-07-14,74.576744
2014-07-15,73.521187
2014-07-16,73.180252
2014-07-17,72.83329
2014-07-18,73.338921
2014-07-21,73.667412
2014-07-22,72.855949
2014-07-23,72.916473
2014-07-24,72.973648
2014-07-25,72.901634
2014-07-28,73.122269
2014-07-29,72.848289
2014-07-30,73.143089
2014-07-31,73.313377
2014-08-01,74.687553
2014-08-04,76.010635
2014-08-05,76.570404
2014-08-06,76.834709
2014-08-07,76.604736
2014-08-08,78.015121
2014-08-11,77.44458
2014-08-12,77.366791
2014-08-13,77.112801
2014-08-14,77.142906
2014-08-15,75.588486
2014-08-18,76.444145
2014-08-19,76.568947
2014-08-20,76.460136
2014-08-21,76.497955
2014-08-22,76.227112
2014-08-25,76.33007
2014-08-26,75.941528
2014-08-27,75.409477
2014-08-28,75.274055
2014-08-29,74.878899
2014-09-02,75.33062
2014-09-03,75.20903
2014-09-04,76.790047
2014-09-05,76.41436
2014-09-08,76.426506
2014-09-09,76.635651
2014-09-10,77.369186
2014-09-11,77.413223
2014-09-12,78.512909
2014-09-15,79.420815
2014-09-16,78.958237
2014-09-17,78.75679
2014-09-18,78.769379
2014-09-19,77.922134
2014-09-22,78.791573
2014-09-23,79.185112
2014-09-24,80.293076
2014-09-25,80.256493
2014-09-26,82.519417
2014-09-29,84.940109
2014-09-30,84.706985
2014-10-01,84.522606
2014-10-02,85.617699
2014-10-03,84.102913
2014-10-06,83.885445
2014-10-07,83.598694
2014-10-08,83.980759
2014-10-09,84.167572
2014-10-10,85.27433
2014-10-14,87.082497
2014-10-15,87.247353
2014-10-16,90.82795
2014-10-17,89.332397
2014-10-20,89.974197
2014-10-21,89.560196
2014-10-22,89.387985
2014-10-23,89.771049
2014-10-24,90.164001
2014-10-27,90.163452
2014-10-28,89.988655
2014-10-29,89.922798
2014-10-30,89.838478
2014-10-31,89.876366
2014-11-03,91.131691
2014-11-04,90.901016
2014-11-05,91.024994
2014-11-06,91.195969
2014-11-07,91.370132
2014-11-10,91.383003
2014-11-12,91.571762
2014-11-13,92.296021
2014-11-14,92.751305
2014-11-17,93.572929
2014-11-18,94.362633
2014-11-19,95.119942
2014-11-20,95.360374
2014-11-21,93.731125
2014-11-24,92.899612
2014-11-25,91.253387
2014-11-26,90.815125
2014-11-28,91.058228
2014-12-01,93.496986
2014-12-02,94.202461
2014-12-03,93.48175
2014-12-04,93.738243
2014-12-05,93.190147
2014-12-08,93.070724
2014-12-09,93.905418
2014-12-10,94.05397
2014-12-11,95.038078
2014-12-12,96.403236
2014-12-15,96.9515
2014-12-16,99.71212
2014-12-17,99.775764
2014-12-18,97.855827
2014-12-19,96.455429
2014-12-22,95.482506
2014-12-23,95.825981
2014-12-24,95.815498
2014-12-26,95.663643
2014-12-29,97.288918
2014-12-30,97.810669
2014-12-31,96.176659
2015-01-02,95.531776
2015-01-05,96.384697
2015-01-06,97.090546
2015-01-07,97.131729
2015-01-08,96.210251
2015-01-09,96.54126
2015-01-12,97.148651
2015-01-13,98.062607
2015-01-14,99.790459
2015-01-15,101.503151
2015-01-16,102.97184
2015-01-20,102.229454
2015-01-21,103.287231
2015-01-22,101.489014
2015-01-23,100.462662
2015-01-26,100.819061
2015-01-27,100.729324
2015-01-28,99.887154
2015-01-29,100.920982
2015-01-30,100.101097
2015-02-02,101.166969
2015-02-03,99.805656
2015-02-04,98.720772
2015-02-05,98.450089
2015-02-06,96.886505
2015-02-09,96.192429
2015-02-10,95.41674
2015-02-11,94.875771
2015-02-12,94.11834
2015-02-13,93.692665
2015-02-17,94.362328
2015-02-18,93.53112
2015-02-19,92.011261
2015-02-20,91.574265
2015-02-23,90.779823
2015-02-24,90.225906
2015-02-25,89.347244
2015-02-26,89.430717
2015-02-27,90.253319
2015-03-02,91.707214
2015-03-03,91.094818
2015-03-04,90.735718
2015-03-05,90.511383
2015-03-06,90.380135
2015-03-09,90.192703
2015-03-10,91.580566
2015-03-11,92.043716
2015-03-12,91.738167
2015-03-13,92.851242
2015-03-16,93.906395
2015-03-17,96.372223
2015-03-18,96.680603
2015-03-19,96.487907
2015-03-20,96.366081
2015-03-23,96.254639
2015-03-24,96.071365
2015-03-25,96.460876
2015-03-26,97.187851
2015-03-27,96.435959
2015-03-30,96.048882
2015-03-31,95.1474
2015-04-01,95.944984
2015-04-02,95.745453
2015-04-03,95.763351
2015-04-06,96.01889
2015-04-07,94.309166
2015-04-08,94.455956
2015-04-09,94.193161
2015-04-10,93.912483
2015-04-13,94.370621
2015-04-14,94.51516
2015-04-15,95.160461
2015-04-16,94.856606
2015-04-17,95.378998
2015-04-20,95.449333
2015-04-21,95.453232
2015-04-22,95.783524
2015-04-23,95.39167
2015-04-24,95.169426
2015-04-27,95.324463
2015-04-28,95.979965
2015-04-29,95.576431
2015-04-30,95.465759
2015-05-01,97.174767
2015-05-04,97.4188
2015-05-05,99.207962
2015-05-06,97.440552
2015-05-07,97.079224
2015-05-08,97.029442
2015-05-11,97.786247
2015-05-12,97.465675
2015-05-13,97.702065
2015-05-14,97.116714
2015-05-15,96.839249
2015-05-18,97.059006
2015-05-19,97.573349
2015-05-20,98.704277
2015-05-21,99.160515
2015-05-22,100.403763
2015-05-26,99.268562
2015-05-27,99.061897
2015-05-28,99.76815
2015-05-29,100.473442
2015-06-01,103.615494
2015-06-02,105.079163
2015-06-03,105.807808
2015-06-04,105.365997
2015-06-05,106.060211
2015-06-08,106.219948
2015-06-09,107.534485
2015-06-10,109.415588
2015-06-11,109.86879
2015-06-12,108.288391
2015-06-15,109.154373
2015-06-16,109.314194
2015-06-17,109.793327
2015-06-18,110.739143
2015-06-19,110.779915
2015-06-22,111.182755
2015-06-23,111.574722
2015-06-24,111.481339
2015-06-25,111.99617
2015-06-26,112.556854
2015-06-29,117.877701
2015-06-30,116.105019
2015-07-01,113.872444
2015-07-02,113.737892
2015-07-06,114.314125
2015-07-07,113.99118
2015-07-08,114.878975
2015-07-09,115.467453
2015-07-10,115.432129
2015-07-13,115.300522
2015-07-14,115.546486
2015-07-15,115.620132
2015-07-16,115.868675
2015-07-17,115.726746
2015-07-20,115.765945
2015-07-21,116.309998
2015-07-22,115.515724
2015-07-23,116.116615
2015-07-24,117.097862
2015-07-27,118.271469
2015-07-28,118.384399
2015-07-29,118.730919
2015-07-30,117.770935
2015-07-31,117.674194
2015-08-03,118.366837
2015-08-04,119.109146
2015-08-05,119.65406
2015-08-06,120.364319
2015-08-07,120.605881
2015-08-10,121.2827
2015-08-11,121.408752
2015-08-12,123.827591
2015-08-13,124.141045
2015-08-14,124.09288
2015-08-17,124.344627
2015-08-18,125.60466
2015-08-19,125.285034
2015-08-20,125.629692
2015-08-21,126.459305
2015-08-24,130.274384
2015-08-25,130.863998
2015-08-26,131.19342
2015-08-27,129.355225
2015-08-28,129.207748
2015-08-31,128.329102
2015-09-01,128.408676
2015-09-02,128.395721
2015-09-03,127.547119
2015-09-04,126.28624
2015-09-08,126.370483
2015-09-09,124.051041
2015-09-10,126.167435
2015-09-11,125.643448
2015-09-14,125.525627
2015-09-15,126.964363
2015-09-16,126.490776
2015-09-17,125.783531
2015-09-18,124.36795
2015-09-21,125.209595
2015-09-22,124.583015
2015-09-23,125.914345
2015-09-24,126.177147
2015-09-25,127.155739
2015-09-28,127.68956
2015-09-29,132.840637
2015-09-30,131.808838
2015-10-01,133.13829
2015-10-02,133.541946
2015-10-05,132.858887
2015-10-06,131.73761
2015-10-07,130.352737
2015-10-08,131.005539
2015-10-09,129.483109
2015-10-13,129.538727
2015-10-14,129.880447
2015-10-15,130.522003
2015-10-16,129.462265
2015-10-19,129.738861
2015-10-20,129.855133
2015-10-21,128.569397
2015-10-22,127.86557
2015-10-23,126.985558
2015-10-26,125.758545
2015-10-27,125.634048
2015-10-28,126.279976
2015-10-29,126.447807
2015-10-30,124.938622
2015-11-02,125.962608
2015-11-03,125.210701
2015-11-04,123.026573
2015-11-05,122.655243
2015-11-06,123.01297
2015-11-09,122.098297
2015-11-10,121.620789
2015-11-12,120.375702
2015-11-13,119.663673
2015-11-16,119.854889
2015-11-17,119.555214
2015-11-18,119.419746
2015-11-19,118.502708
2015-11-20,118.278122
2015-11-23,117.69133
2015-11-24,117.948372
2015-11-25,117.94767
2015-11-27,118.37397
2015-11-30,118.050865
2015-12-01,116.74659
2015-12-02,117.500916
2015-12-03,120.263321
2015-12-04,119.479897
2015-12-07,119.14621
2015-12-08,120.966019
2015-12-09,121.062378
2015-12-10,122.304108
2015-12-11,123.307312
2015-12-14,128.285645
2015-12-15,131.651428
2015-12-16,130.633133
2015-12-17,129.569275
2015-12-18,130.96489
2015-12-21,131.536362
2015-12-22,131.722488
2015-12-23,131.359116
2015-12-24,130.839508
2015-12-28,130.499847
2015-12-29,131.120422
2015-12-30,131.12973
2015-12-31,130.380707
2016-01-04,131.355087
2016-01-05,130.305847
2016-01-06,130.549316
2016-01-07,134.012054
2016-01-08,133.505402
2016-01-11,134.193771
2016-01-12,134.987656
2016-01-13,136.201813
2016-01-14,139.825424
2016-01-15,143.161774
2016-01-19,147.371338
2016-01-20,154.222305
2016-01-21,157.716812
2016-01-22,155.359573
2016-01-25,156.787384
2016-01-26,158.342575
2016-01-27,159.134064
2016-01-28,160.516266
2016-01-29,158.727753
2016-02-01,162.218399
2016-02-02,165.143372
2016-02-03,168.210495
2016-02-04,168.950653
2016-02-05,168.763794
2016-02-08,174.104034
2016-02-09,179.074844
2016-02-10,179.867615
2016-02-11,184.445389
2016-02-12,186.988846
2016-02-16,181.784241
2016-02-17,182.454971
2016-02-18,179.741333
2016-02-19,179.915222
2016-02-22,175.451599
2016-02-23,174.89357
2016-02-24,176.473663
2016-02-25,174.715302
2016-02-26,171.757889
2016-02-29,169.983887
2016-03-01,164.253769
2016-03-02,161.295822
2016-03-03,160.00943
2016-03-04,158.61142
2016-03-07,156.121765
2016-03-08,155.440674
2016-03-09,154.519211
2016-03-10,152.83197
2016-03-11,147.256409
2016-03-14,142.190109
2016-03-15,142.421204
2016-03-16,142.11998
2016-03-17,141.088394
2016-03-18,139.840469
2016-03-21,137.33577
2016-03-22,134.423172
2016-03-23,133.94014
2016-03-24,134.208878
2016-03-28,134.272552
2016-03-29,134.821579
2016-03-30,134.07962
2016-03-31,131.210114
2016-04-01,131.500366
2016-04-04,131.032883
2016-04-05,131.332275
2016-04-06,130.819397
2016-04-07,130.512863
2016-04-08,130.798889
2016-04-11,129.983932
2016-04-12,129.037628
2016-04-13,126.693275
2016-04-14,126.282005
2016-04-15,125.395706
2016-04-18,125.343079
2016-04-19,122.44413
2016-04-20,120.098907
2016-04-21,118.420982
2016-04-22,117.776337
2016-04-25,117.980797
2016-04-26,116.742393
2016-04-27,115.82196
2016-04-28,115.825638
2016-04-29,115.065475
2016-05-02,115.08812
2016-05-03,115.075531
2016-05-04,116.542107
2016-05-05,116.465218
2016-05-06,117.172173
2016-05-09,117.364822
2016-05-10,117.938034
2016-05-11,117.724472
2016-05-12,117.91452
2016-05-13,117.960136
2016-05-16,117.840889
2016-05-17,117.32679
2016-05-18,118.137276
2016-05-19,118.070549
2016-05-20,118.140541
2016-05-23,117.829102
2016-05-24,117.54277
2016-05-25,116.362251
2016-05-26,115.387405
2016-05-27,115.287918
2016-05-31,115.576912
2016-06-01,116.053528
2016-06-02,116.278847
2016-06-03,116.38385
2016-06-06,116.000381
2016-06-07,115.148331
2016-06-08,114.493912
2016-06-09,114.403824
2016-06-10,115.453102
2016-06-13,118.320213
2016-06-14,121.43071
2016-06-15,122.623718
2016-06-16,122.954025
2016-06-17,123.303787
2016-06-20,119.910637
2016-06-21,118.586632
2016-06-22,117.995316
2016-06-23,116.508766
2016-06-24,127.09259
2016-06-27,126.861351
2016-06-28,126.426765
2016-06-29,125.156349
2016-06-30,124.218468
2016-07-01,122.219482
2016-07-05,121.569214
2016-07-06,121.849449
2016-07-07,119.057632
2016-07-08,117.74543
2016-07-11,116.115662
2016-07-12,114.17128
2016-07-13,112.71315
2016-07-14,111.993896
2016-07-15,111.825005
2016-07-18,111.902977
2016-07-19,111.456345
2016-07-20,110.919792
2016-07-21,109.250328
2016-07-22,109.047318
2016-07-25,108.865852
2016-07-26,109.616013
2016-07-27,110.732628
2016-07-28,109.862221
2016-07-29,109.939285
2016-08-01,110.490776
2016-08-02,111.162544
2016-08-03,111.503197
2016-08-04,110.500137
2016-08-05,109.395256
2016-08-08,108.974831
2016-08-09,107.704025
2016-08-10,106.673309
2016-08-11,106.318062
2016-08-12,105.816483
2016-08-15,107.025398
2016-08-16,105.696182
2016-08-17,104.722816
2016-08-18,104.062157
2016-08-19,103.060242
2016-08-22,102.654755
2016-08-23,101.978035
2016-08-24,101.143021
2016-08-25,100.836288
2016-08-26,100.903839
2016-08-29,100.581955
2016-08-30,100.641464
2016-08-31,101.151192
2016-09-01,101.852074
2016-09-02,101.872612
2016-09-06,102.047455
2016-09-07,102.029793
2016-09-08,102.969849
2016-09-09,103.811569
2016-09-12,106.677155
2016-09-13,107.268196
2016-09-14,107.948532
2016-09-15,108.006538
2016-09-16,107.498146
2016-09-19,107.480446
2016-09-20,106.692802
2016-09-21,106.204803
2016-09-22,105.223839
2016-09-23,105.563591
2016-09-26,105.430138
2016-09-27,105.692299
2016-09-28,106.786018
2016-09-29,106.311737
2016-09-30,106.094391
2016-10-03,105.890007
2016-10-04,106.614708
2016-10-05,106.235191
2016-10-06,104.842628
2016-10-07,103.787003
2016-10-11,102.917412
2016-10-12,102.495453
2016-10-13,102.054169
2016-10-14,99.598808
2016-10-17,99.931694
2016-10-18,99.604965
2016-10-19,99.090309
2016-10-20,98.898026
2016-10-21,98.512596
2016-10-24,98.64222
2016-10-25,98.73671
2016-10-26,99.89389
2016-10-27,100.107254
2016-10-28,101.727417
2016-10-31,102.566383
2016-11-01,103.678795
2016-11-02,104.084335
2016-11-03,104.240181
2016-11-04,104.508553
2016-11-07,103.968124
2016-11-08,102.838242
2016-11-09,104.059364
2016-11-10,103.403755
2016-11-14,104.635788
2016-11-15,104.498817
2016-11-16,104.984261
2016-11-17,105.166565
2016-11-18,106.152802
2016-11-21,105.918251
2016-11-22,105.946526
2016-11-23,106.07338
2016-11-25,106.245033
2016-11-28,105.505112
2016-11-29,104.998833
2016-11-30,106.411705
2016-12-01,106.718315
2016-12-02,106.367638
2016-12-05,105.60688
2016-12-06,105.316879
2016-12-07,104.485626
2016-12-08,104.495674
2016-12-09,104.609001
2016-12-12,104.760582
2016-12-13,103.128426
2016-12-14,102.548996
2016-12-15,104.495949
2016-12-16,103.595367
2016-12-19,103.155243
2016-12-20,103.087761
2016-12-21,103.17337
2016-12-22,103.151352
2016-12-23,103.444359
2016-12-27,102.592621
2016-12-28,102.536217
2016-12-29,102.391731
2016-12-30,101.063751
2017-01-03,99.567215
2017-01-04,98.913582
2017-01-05,99.337196
2017-01-06,98.41938
2017-01-09,98.545258
2017-01-10,98.919548
2017-01-11,99.350746
2017-01-12,98.993889
2017-01-13,98.585991
2017-01-17,99.512772
2017-01-18,99.287567
2017-01-19,99.493362
2017-01-20,99.30114
2017-01-23,99.214134
2017-01-24,98.784988
2017-01-25,97.794289
2017-01-26,98.078232
2017-01-27,97.524521
2017-01-30,97.787964
2017-01-31,97.489281
2017-02-01,97.972595
2017-02-02,97.825386
2017-02-03,96.515312
2017-02-06,96.902252
2017-02-07,95.614723
2017-02-08,96.385063
2017-02-09,95.732689
2017-02-10,95.180618
2017-02-13,95.195969
2017-02-14,94.056679
2017-02-15,92.836433
2017-02-16,93.268669
2017-02-17,93.455589
2017-02-21,93.258514
2017-02-22,91.966431
2017-02-23,91.72261
2017-02-24,91.51815
2017-02-27,89.776665
2017-02-28,88.844498
2017-03-01,88.176964
2017-03-02,87.286133
2017-03-03,87.899849
2017-03-06,87.065399
2017-03-07,87.979401
2017-03-08,89.643188
2017-03-09,91.727264
2017-03-10,92.273819
2017-03-13,92.60759
2017-03-14,93.627434
2017-03-15,94.37088
2017-03-16,92.653557
2017-03-17,92.640732
2017-03-20,92.296005
2017-03-21,92.515633
2017-03-22,93.05587
2017-03-23,92.863792
2017-03-24,93.232803
2017-03-27,93.358429
2017-03-28,92.585075
2017-03-29,92.760605
2017-03-30,92.832787
2017-03-31,92.879501
2017-04-03,93.199707
2017-04-04,92.836349
2017-04-05,92.348595
2017-04-06,92.604485
2017-04-07,91.68261
2017-04-10,91.328766
2017-04-11,91.508759
2017-04-12,91.506958
2017-04-13,92.054047
2017-04-17,91.8741
2017-04-18,92.025253
2017-04-19,92.03199
2017-04-20,92.106163
2017-04-21,91.736725
2017-04-24,91.140816
2017-04-25,90.17131
2017-04-26,90.058128
2017-04-27,89.809456
2017-04-28,89.227272
2017-05-01,89.387314
2017-05-02,88.869774
2017-05-03,88.030441
2017-05-04,88.255882
2017-05-05,87.835617
2017-05-08,87.362968
2017-05-09,86.374054
2017-05-10,85.773552
2017-05-11,85.748688
2017-05-12,85.494499
2017-05-15,84.548813
2017-05-16,84.4711
2017-05-17,84.512619
2017-05-18,85.269226
2017-05-19,85.410896
2017-05-22,85.174057
2017-05-23,84.56234
2017-05-24,84.696243
2017-05-25,84.890656
2017-05-26,85.191376
2017-05-30,84.593948
2017-05-31,84.917809
2017-06-01,84.717621
2017-06-02,84.105278
2017-06-05,83.806671
2017-06-06,83.472
2017-06-07,83.362175
2017-06-08,83.314018
2017-06-09,83.232765
2017-06-12,82.996674
2017-06-13,82.606789
2017-06-14,81.817177
2017-06-15,82.141487
2017-06-16,82.643234
2017-06-19,82.074265
2017-06-20,81.899979
2017-06-21,82.249863
2017-06-22,82.437866
2017-06-23,82.211494
2017-06-26,81.954056
2017-06-27,81.673203
2017-06-28,81.573326
2017-06-29,81.395599
2017-06-30,81.032913
2017-07-03,81.581985
2017-07-05,81.18145
2017-07-06,80.607292
2017-07-07,79.921288
2017-07-10,79.668701
2017-07-11,79.70462
2017-07-12,79.142662
2017-07-13,78.336929
2017-07-14,77.094292
2017-07-17,76.344849
2017-07-18,75.672173
2017-07-19,75.590225
2017-07-20,75.649246
2017-07-21,75.756462
2017-07-24,75.533798
2017-07-25,75.528496
2017-07-26,75.490265
2017-07-27,75.27552
2017-07-28,75.01825
2017-07-31,74.8433
2017-08-01,73.970947
2017-08-02,74.233696
2017-08-03,74.678566
2017-08-04,75.058044
2017-08-07,75.357582
2017-08-08,76.47641
2017-08-09,78.383621
2017-08-10,79.32798
2017-08-11,81.369698
2017-08-14,80.769569
2017-08-15,80.470406
2017-08-16,79.957733
2017-08-17,80.176491
2017-08-18,80.48909
2017-08-21,80.876495
2017-08-22,80.523987
2017-08-23,80.370987
2017-08-24,80.502968
2017-08-25,80.060745
2017-08-28,78.996407
2017-08-29,79.074875
2017-08-30,79.325096
2017-08-31,78.949181
2017-09-01,79.034538
2017-09-05,78.974586
2017-09-06,79.970055
2017-09-07,79.863495
2017-09-08,80.542572
2017-09-11,80.298599
2017-09-12,80.245605
2017-09-13,80.115311
2017-09-14,80.020508
2017-09-15,79.207863
2017-09-18,79.063339
2017-09-19,78.290512
2017-09-20,77.517151
2017-09-21,77.432579
2017-09-22,76.805565
2017-09-25,76.333908
2017-09-26,75.82988
2017-09-27,75.143723
2017-09-28,74.545341
2017-09-29,72.561272
2017-10-02,72.740891
2017-10-03,71.530304
2017-10-04,71.16613
2017-10-05,71.212776
2017-10-06,70.757324
2017-10-10,70.021591
2017-10-11,69.404762
2017-10-12,69.553307
2017-10-13,68.286179
2017-10-16,67.963173
2017-10-17,67.829643
2017-10-18,67.722702
2017-10-19,68.026192
2017-10-20,67.02887
2017-10-23,66.772713
2017-10-24,66.782837
2017-10-25,67.291473
2017-10-26,66.82588200000001
2017-10-27,67.015404
2017-10-30,66.391228
2017-10-31,66.4375
2017-11-01,67.227707
2017-11-02,67.940521
2017-11-03,67.973038
2017-11-06,68.229767
2017-11-07,69.060715
2017-11-08,70.200195
2017-11-09,71.780602
2017-11-10,72.677658
2017-11-13,72.484833
2017-11-14,73.239365
2017-11-15,74.56192
2017-11-16,74.135735
2017-11-17,73.819489
2017-11-20,73.266418
2017-11-21,72.198769
2017-11-22,71.460495
2017-11-24,71.557617
2017-11-27,70.925659
2017-11-28,70.639755
2017-11-29,70.734406
2017-11-30,70.473816
2017-12-01,70.437111
2017-12-04,69.27063
2017-12-05,68.774208
2017-12-06,68.67115
2017-12-07,69.676178
2017-12-08,69.490158
2017-12-11,68.759308
2017-12-12,68.966438
2017-12-13,68.480156
2017-12-14,68.115013
2017-12-15,67.830276
2017-12-18,68.468582
2017-12-19,69.124283
2017-12-20,69.335571
2017-12-21,68.907417
2017-12-22,68.445183
2017-12-26,67.265648
2017-12-27,66.761681
2017-12-28,66.886429
2017-12-29,67.014793
2018-01-02,67.130341
2018-01-03,66.576782
2018-01-04,66.102364
2018-01-05,65.488266
2018-01-08,65.068756
2018-01-09,64.337791
2018-01-10,64.097961
2018-01-11,63.965664
2018-01-12,63.820576
2018-01-16,63.242615
2018-01-17,63.947842
2018-01-18,64.13372
2018-01-19,64.618172
2018-01-22,64.795898
2018-01-23,64.83007
2018-01-24,64.663895
2018-01-25,64.273033
2018-01-26,63.543579
2018-01-29,63.062061
2018-01-30,63.153019
2018-01-31,62.172131
2018-02-01,61.987083
2018-02-02,61.744308
2018-02-05,62.702034
2018-02-06,64.431633
2018-02-07,64.376366
2018-02-08,65.718613
2018-02-09,69.689034
2018-02-12,70.891167
2018-02-13,73.8769
2018-02-14,73.17923
2018-02-15,71.514771
2018-02-16,71.54306
2018-02-20,71.986221
2018-02-21,71.789192
2018-02-22,71.610703
2018-02-23,72.214111
2018-02-26,72.181694
2018-02-27,72.80497
2018-02-28,73.633972
2018-03-01,76.234016
2018-03-02,77.511101
2018-03-05,77.591484
2018-03-06,77.356499
2018-03-07,77.930405
2018-03-08,77.664047
2018-03-09,78.616791
2018-03-12,80.034843
2018-03-13,81.235916
2018-03-14,82.486145
2018-03-15,83.902992
2018-03-16,83.669106
2018-03-19,84.046654
2018-03-20,84.665413
2018-03-21,86.028839
2018-03-22,88.188309
2018-03-23,89.773743
2018-03-26,90.279594
2018-03-27,89.656525
2018-03-28,89.122147
2018-03-29,87.759499
2018-03-30,87.759499
2018-04-02,89.497589
2018-04-03,88.622955
2018-04-04,87.71492
2018-04-05,85.747154
2018-04-06,85.260033
2018-04-09,83.941658
2018-04-10,83.196884
2018-04-11,82.847404
2018-04-12,82.077888
2018-04-13,81.688004
2018-04-16,81.433044
2018-04-17,80.745842
2018-04-18,80.783501
2018-04-19,81.655762
2018-04-20,81.522972
2018-04-23,81.761261
2018-04-24,81.784859
2018-04-25,82.652718
2018-04-26,82.554581
2018-04-27,82.849106
2018-04-30,82.797958
2018-05-01,83.083435
2018-05-02,83.165932
2018-05-03,83.289833
2018-05-04,83.48098
2018-05-07,82.566368
2018-05-08,82.988808
2018-05-09,82.565361
2018-05-10,81.919647
2018-05-11,81.356133
2018-05-14,81.451385
2018-05-15,81.969444
2018-05-16,82.217079
2018-05-17,82.400063
2018-05-18,82.140533
2018-05-21,82.208229
2018-05-22,82.218407
2018-05-23,82.969833
2018-05-24,82.868813
2018-05-25,83.67627
2018-05-29,86.524124
2018-05-30,86.922966
2018-05-31,87.42601
2018-06-01,87.649673
2018-06-04,86.646561
2018-06-05,86.979683
2018-06-06,87.202034
2018-06-07,87.378815
2018-06-08,87.949745
2018-06-11,87.564674
2018-06-12,87.25676
2018-06-13,87.093346
2018-06-14,86.829475
2018-06-15,87.94809
2018-06-18,88.592239
2018-06-19,90.004387
2018-06-20,90.35952
2018-06-21,92.316071
2018-06-22,92.996841
2018-06-25,94.070747
2018-06-26,94.057297
2018-06-27,94.497131
2018-06-28,94.547653
2018-06-29,93.771217
2018-07-02,94.208794
2018-07-03,93.949493
2018-07-05,92.266907
2018-07-06,91.680397
2018-07-09,90.973045
2018-07-10,89.829765
2018-07-11,89.780273
2018-07-12,89.063187
2018-07-13,88.76062
2018-07-16,88.575821
2018-07-17,89.044342
2018-07-18,88.817429
2018-07-19,88.871246
2018-07-20,88.260605
2018-07-23,88.003693
2018-07-24,86.23864
2018-07-25,85.512077
2018-07-26,84.216293
2018-07-27,83.352859
2018-07-30,83.299911
2018-07-31,82.285362
2018-08-01,81.650513
2018-08-02,81.615585
2018-08-03,80.755814
2018-08-06,80.183846
2018-08-07,79.462654
2018-08-08,80.144524
2018-08-09,81.139618
2018-08-10,82.996338
2018-08-13,82.830414
2018-08-14,82.608414
2018-08-15,83.339005
2018-08-16,82.801826
2018-08-17,82.695427
2018-08-20,82.614021
2018-08-21,82.33075
2018-08-22,82.757019
2018-08-23,82.517754
2018-08-24,82.112213
2018-08-27,81.772781
2018-08-28,82.113274
2018-08-29,82.181274
2018-08-30,82.495621
2018-08-31,83.285179
2018-09-03,83.285179
2018-09-04,83.730843
2018-09-05,84.259399
2018-09-06,83.393616
2018-09-07,83.101204
2018-09-10,83.022499
2018-09-11,82.243683
2018-09-12,81.5028
2018-09-13,80.885612
2018-09-14,80.408012
2018-09-17,80.67469
2018-09-18,80.928215
2018-09-19,80.188171
2018-09-20,79.44735
2018-09-21,79.300377
2018-09-24,80.40400700000001
2018-09-25,80.076927
2018-09-26,80.070473
2018-09-27,79.231827
2018-09-28,79.057236
2018-10-01,79.230659
2018-10-02,78.665138
2018-10-03,79.046379
2018-10-04,79.839821
2018-10-05,79.994019
2018-10-09,80.404381
2018-10-10,81.682381
2018-10-11,82.528847
2018-10-12,83.399544
2018-10-15,83.272255
2018-10-16,83.007469
2018-10-17,83.63681
2018-10-18,84.251503
2018-10-19,84.585991
2018-10-22,84.937767
2018-10-23,86.83342
2018-10-24,87.365379
2018-10-25,87.627121
2018-10-26,89.269775
2018-10-29,89.661972
2018-10-30,90.408264
2018-10-31,90.187248
2018-11-01,91.355316
2018-11-02,90.054657
2018-11-05,89.619644
2018-11-06,88.914688
2018-11-07,87.470703
2018-11-08,87.553177
2018-11-09,88.88765
2018-11-13,91.744644
2018-11-14,94.827286
2018-11-15,99.888191
2018-11-16,101.504539
2018-11-19,104.274178
2018-11-20,107.886353
2018-11-21,106.930145
2018-11-23,107.162323
2018-11-26,107.421745
2018-11-27,109.07563
2018-11-28,110.298927
2018-11-29,111.452538
2018-11-30,113.885475
2018-12-03,112.644669
2018-12-04,115.310623
2018-12-06,121.765778
2018-12-07,121.368515
2018-12-10,122.462723
2018-12-11,120.999275
2018-12-12,120.013222
2018-12-13,118.269707
2018-12-14,118.814247
2018-12-17,119.656059
2018-12-18,120.383789
2018-12-19,120.600655
2018-12-20,124.403564
2018-12-21,126.017738
2018-12-24,127.43354
2018-12-26,129.198242
2018-12-27,130.467026
2018-12-28,130.296463
2018-12-31,130.444244
2019-01-02,130.527603
2019-01-03,133.642532
2019-01-04,132.583649
2019-01-07,131.191101
2019-01-08,129.044952
2019-01-09,126.165672
2019-01-10,124.983383
2019-01-11,123.421158
2019-01-14,123.419426
2019-01-15,122.28978
2019-01-16,120.094231
2019-01-17,117.792259
2019-01-18,113.718391
2019-01-22,112.447922
2019-01-23,109.343773
2019-01-24,107.807404
2019-01-25,105.268333
2019-01-28,104.306427
2019-01-29,103.231873
2019-01-30,102.298294
2019-01-31,100.263275
2019-02-01,98.153938
2019-02-04,97.568474
2019-02-05,95.997887
2019-02-06,95.784782
2019-02-07,97.524178
2019-02-08,98.027054
2019-02-11,97.536209
2019-02-12,96.677315
2019-02-13,94.720894
2019-02-14,96.150757
2019-02-15,95.264008
2019-02-19,95.474113
2019-02-20,95.429291
2019-02-21,94.938187
2019-02-22,94.619621
2019-02-25,93.297974
2019-02-26,92.690712
2019-02-27,91.913399
2019-02-28,90.744942
2019-03-01,88.803665
2019-03-04,88.406578
2019-03-05,88.026276
2019-03-06,88.637665
2019-03-07,89.145828
2019-03-08,89.981071
2019-03-11,89.307724
2019-03-12,88.730637
2019-03-13,88.056
2019-03-14,87.765305
2019-03-15,88.314499
2019-03-18,88.007187
2019-03-19,87.447357
2019-03-20,87.795456
2019-03-21,86.799347
2019-03-22,87.472549
2019-03-25,87.918472
2019-03-26,87.315231
2019-03-27,88.232872
2019-03-28,88.205032
2019-03-29,87.688423
2019-04-01,87.717033
2019-04-02,87.600098
2019-04-03,86.784111
2019-04-04,86.609657
2019-04-05,85.385643
2019-04-08,84.888351
2019-04-09,84.517616
2019-04-10,83.807602
2019-04-11,82.508987
2019-04-12,81.0924
2019-04-15,80.502945
2019-04-16,80.392563
2019-04-17,81.323364
2019-04-18,81.677605
2019-04-22,82.495255
2019-04-23,82.039429
2019-04-24,81.66748
2019-04-25,82.152252
2019-04-26,82.082306
2019-04-29,81.972862
2019-04-30,81.836449
2019-05-01,81.963081
2019-05-02,82.644737
2019-05-03,82.197899
2019-05-06,82.79599
2019-05-07,83.424828
2019-05-08,84.166908
2019-05-09,86.07489
2019-05-10,86.361252
2019-05-13,88.353745
2019-05-14,87.982269
2019-05-15,89.366989
2019-05-16,88.892654
2019-05-17,89.442421
2019-05-20,90.384583
2019-05-21,90.288612
2019-05-22,90.980881
2019-05-23,94.093689
2019-05-24,93.56958
2019-05-28,94.574867
2019-05-29,97.753159
2019-05-30,96.818672
2019-05-31,100.070824
2019-06-03,101.698784
2019-06-04,100.303146
2019-06-05,99.663582
2019-06-06,98.961464
2019-06-07,97.850174
2019-06-10,96.884926
2019-06-11,96.533844
2019-06-12,97.184631
2019-06-13,97.141655
2019-06-14,97.216362
2019-06-17,97.641594
2019-06-18,95.78643
2019-06-19,95.907921
2019-06-20,92.414192
2019-06-21,91.066315
2019-06-24,89.49379
2019-06-25,90.185081
2019-06-26,89.552055
2019-06-27,88.955238
2019-06-28,87.906189
2019-07-01,85.746559
2019-07-02,85.515648
2019-07-03,85.067451
2019-07-05,84.145386
2019-07-08,84.312302
2019-07-09,84.792351
2019-07-10,85.68763
2019-07-11,85.309586
2019-07-12,84.962105
2019-07-15,84.062141
2019-07-16,84.266602
2019-07-17,84.060188
2019-07-18,85.168182
2019-07-19,84.098
2019-07-22,83.667007
2019-07-23,82.289787
2019-07-24,81.601509
2019-07-25,81.02092
2019-07-26,80.579842
2019-07-29,80.404961
2019-07-30,81.476089
2019-07-31,80.752182
2019-08-01,83.366394
2019-08-02,84.524857
2019-08-05,89.64518
2019-08-06,89.032982
2019-08-07,92.002434
2019-08-08,89.865364
2019-08-09,90.453407
2019-08-12,91.188667
2019-08-13,90.077454
2019-08-14,93.444191
2019-08-15,95.972076
2019-08-16,95.270546
2019-08-19,92.651314
2019-08-20,92.580185
2019-08-21,89.640854
2019-08-22,88.110733
2019-08-23,88.710915
2019-08-26,88.794006
2019-08-27,88.663704
2019-08-28,89.41291
2019-08-29,89.061516
2019-08-30,89.851357
2019-09-02,89.851357
2019-09-03,90.81942
2019-09-04,90.310043
2019-09-05,89.541435
2019-09-06,88.898239
2019-09-09,88.572739
2019-09-10,88.376534
2019-09-11,88.117165
2019-09-12,86.820648
2019-09-13,85.11525
2019-09-16,86.214874
2019-09-17,86.170891
2019-09-18,85.818184
2019-09-19,84.855766
2019-09-20,85.082626
2019-09-23,84.98996
2019-09-24,85.606636
2019-09-25,85.870895
2019-09-26,85.529655
2019-09-27,86.059685
2019-09-30,84.721214
2019-10-01,85.757736
2019-10-02,87.153427
2019-10-03,88.534615
2019-10-04,87.566177
2019-10-07,86.340103
2019-10-08,87.668983
2019-10-09,86.916107
2019-10-10,86.633408
2019-10-11,84.313103
2019-10-15,82.22374
2019-10-16,82.009041
2019-10-17,81.312706
2019-10-18,80.728409
2019-10-21,79.059586
2019-10-22,77.864098
2019-10-23,77.947281
2019-10-24,78.061569
2019-10-25,76.663589
2019-10-28,75.37233
2019-10-29,75.296799
2019-10-30,75.936935
2019-10-31,78.613838
2019-11-01,77.43322
2019-11-04,76.422295
2019-11-05,76.466286
2019-11-06,75.901382
2019-11-07,74.780884
2019-11-08,75.140991
2019-11-12,74.822807
2019-11-13,75.351418
2019-11-14,76.343254
2019-11-15,76.340797
2019-11-18,76.129471
2019-11-19,76.29525
2019-11-20,77.102768
2019-11-21,77.847473
2019-11-22,76.322342
2019-11-25,75.916824
2019-11-26,75.995415
2019-11-27,75.494255
2019-11-29,76.262787
2019-12-02,76.321381
2019-12-03,76.512772
2019-12-04,75.57402
2019-12-05,75.415733
2019-12-06,74.231865
2019-12-09,73.175797
2019-12-10,72.55925
2019-12-11,72.266655
2019-12-12,72.015793
2019-12-13,71.301971
2019-12-16,70.949211
2019-12-17,70.809708
2019-12-18,70.389908
2019-12-19,69.815674
2019-12-20,69.099976
2019-12-23,68.918068
2019-12-24,68.786835
2019-12-26,68.911507
2019-12-27,67.795319
2019-12-30,67.838623
2019-12-31,67.31871
2020-01-02,66.774307
2020-01-03,67.796272
2020-01-06,67.791176
2020-01-07,67.80777
2020-01-08,67.059906
2020-01-09,66.080574
2020-01-10,65.634911
2020-01-13,65.235611
2020-01-14,65.707748
2020-01-15,66.202812
2020-01-16,65.803268
2020-01-17,64.925858
2020-01-21,64.271431
2020-01-22,63.53392
2020-01-23,64.616592
2020-01-24,64.858315
2020-01-27,68.085945
2020-01-28,67.116425
2020-01-29,67.26355
2020-01-30,68.634644
2020-01-31,69.769615
2020-02-03,69.851181
2020-02-04,67.740883
2020-02-05,65.801163
2020-02-06,65.049652
2020-02-07,65.270561
2020-02-10,65.423058
2020-02-11,64.793083
2020-02-12,63.878475
2020-02-13,64.022194
2020-02-14,63.829754
2020-02-18,64.500931
2020-02-19,63.966633
2020-02-20,65.031349
2020-02-21,66.232895
2020-02-24,70.638138
2020-02-25,73.605324
2020-02-26,75.089859
2020-02-27,81.0242
2020-02-28,90.836662
2020-03-02,94.730949
2020-03-03,94.024689
2020-03-04,93.822388
2020-03-05,97.788383
2020-03-06,112.473503
2020-03-09,143.925064
2020-03-10,153.434723
2020-03-11,164.747101
2020-03-12,194.982315
2020-03-13,213.162247
2020-03-16,247.354858
2020-03-17,264.648224
2020-03-18,300.104553
2020-03-19,352.577087
2020-03-20,386.445801
2020-03-23,408.16748
2020-03-24,388.697021
2020-03-25,356.019897
2020-03-26,325.429352
2020-03-27,313.082367
2020-03-30,299.119843
2020-03-31,278.248749
2020-04-01,282.016541
2020-04-02,282.727325
2020-04-03,285.798157
2020-04-06,278.316925
2020-04-07,265.530548
2020-04-08,254.521667
2020-04-09,231.444183
2020-04-13,208.64502
2020-04-14,194.184982
2020-04-15,196.07933
2020-04-16,195.711029
2020-04-17,192.223297
2020-04-20,194.121841
2020-04-21,198.985641
2020-04-22,196.850723
2020-04-23,193.663376
2020-04-24,194.031677
2020-04-27,192.694122
2020-04-28,191.774353
2020-04-29,189.079529
2020-04-30,186.494858
2020-05-01,189.205566
2020-05-04,190.852585
2020-05-05,187.568527
2020-05-06,187.82991
2020-05-07,189.725266
2020-05-08,190.824249
2020-05-11,190.578064
2020-05-12,187.630234
2020-05-13,186.959274
2020-05-14,188.197037
2020-05-15,186.473663
2020-05-18,178.50885
2020-05-19,172.741821
2020-05-20,165.302933
2020-05-21,162.241959
2020-05-22,160.868942
2020-05-26,154.067871
2020-05-27,150.967041
2020-05-28,147.465912
2020-05-29,146.338089
2020-06-01,141.871414
2020-06-02,136.637039
2020-06-03,130.4608
2020-06-04,128.124405
2020-06-05,117.758568
2020-06-08,115.181381
2020-06-09,118.621834
2020-06-10,120.72541
2020-06-11,129.723663
2020-06-12,129.538712
2020-06-15,127.599785
2020-06-16,112.843208
2020-06-17,111.603806
2020-06-18,113.140213
2020-06-19,111.721451
2020-06-22,112.527328
2020-06-23,111.681915
2020-06-24,115.15789
2020-06-25,116.547157
2020-06-26,117.427643
2020-06-29,116.905853
2020-06-30,114.4543
2020-07-01,112.552383
2020-07-02,108.553299
2020-07-06,104.925697
2020-07-07,105.178757
2020-07-08,105.825081
2020-07-09,106.349258
2020-07-10,106.714035
2020-07-13,104.907593
2020-07-14,104.930382
2020-07-15,103.36528
2020-07-16,103.416458
2020-07-17,102.556915
2020-07-20,100.290329
2020-07-21,97.017151
2020-07-22,96.060234
2020-07-23,96.479561
2020-07-24,97.227982
2020-07-27,96.83847
2020-07-28,97.144951
2020-07-29,96.317215
2020-07-30,96.239998
2020-07-31,94.966095
2020-08-03,93.453278
2020-08-04,92.614418
2020-08-05,90.634003
2020-08-06,89.018188
2020-08-07,88.370888
2020-08-10,87.749138
2020-08-11,87.066826
2020-08-12,87.217735
2020-08-13,88.61084
2020-08-14,90.477402
2020-08-17,90.878365
2020-08-18,91.458862
2020-08-19,91.207741
2020-08-20,91.229271
2020-08-21,90.510956
2020-08-24,89.567284
2020-08-25,89.991577
2020-08-26,89.958321
2020-08-27,90.199127
2020-08-28,89.43235
2020-08-31,87.667885
2020-09-01,85.910072
2020-09-02,83.869438
2020-09-03,85.014687
2020-09-04,86.671707
2020-09-08,87.928024
2020-09-09,87.475883
2020-09-10,87.593292
2020-09-11,87.985695
2020-09-14,87.061577
2020-09-15,86.607948
2020-09-16,86.005569
2020-09-17,86.933426
2020-09-18,86.961861
2020-09-21,88.739601
2020-09-22,88.917755
2020-09-23,90.344887
2020-09-24,94.932152
2020-09-25,98.179497
2020-09-28,97.156212
2020-09-29,95.658249
2020-09-30,94.769379
2020-10-01,94.337463
2020-10-02,93.389061
2020-10-05,91.290489
2020-10-06,88.620277
2020-10-07,88.233475
2020-10-08,87.655334
2020-10-09,86.100136
2020-10-13,84.659317
2020-10-14,84.68251
2020-10-15,86.19577
2020-10-16,84.920219
2020-10-19,84.608017
2020-10-20,84.014626
2020-10-21,83.744774
2020-10-22,84.261414
2020-10-23,83.522049
2020-10-26,83.733971
2020-10-27,82.860481
2020-10-28,84.945175
2020-10-29,86.199005
2020-10-30,87.200455
2020-11-02,87.062958
2020-11-03,86.092262
2020-11-04,82.878571
2020-11-05,80.514954
2020-11-06,79.915359
2020-11-09,75.427155
2020-11-10,76.629402
2020-11-12,78.300423
2020-11-13,78.097862
2020-11-16,75.972115
2020-11-17,75.170441
2020-11-18,74.008675
2020-11-19,73.282104
2020-11-20,74.392647
2020-11-23,73.261116
2020-11-24,71.773514
2020-11-25,71.602654
2020-11-27,70.871231
2020-11-30,69.492699
2020-12-01,66.70507
2020-12-02,66.249748
2020-12-03,65.384331
2020-12-04,66.029602
2020-12-07,65.335548
2020-12-08,67.155815
2020-12-09,69.402489
2020-12-10,69.302139
2020-12-11,69.792145
2020-12-14,69.055649
2020-12-15,67.678093
2020-12-16,66.305908
2020-12-17,64.881531
2020-12-18,65.009163
2020-12-21,66.008583
2020-12-22,64.980385
2020-12-23,63.968369
2020-12-24,63.729313
2020-12-28,61.644016
2020-12-29,59.899693
2020-12-30,58.800198
2020-12-31,57.5518
2021-01-04,58.689217
2021-01-05,59.322414
2021-01-06,58.659458
2021-01-07,57.813721
2021-01-08,57.781574
2021-01-11,57.775696
2021-01-12,58.111244
2021-01-13,56.8815
2021-01-14,56.759262
2021-01-15,58.327469
2021-01-19,57.669418
2021-01-20,57.824532
2021-01-21,59.047516
2021-01-22,60.358852
2021-01-25,60.964989
2021-01-26,61.007729
2021-01-27,62.055794
2021-01-28,61.758812
2021-01-29,61.161522
2021-02-01,61.79607
2021-02-02,60.475613
2021-02-03,60.199242
2021-02-04,59.672115
2021-02-05,58.541027
2021-02-08,57.340042
2021-02-09,57.201927
2021-02-10,56.887512
2021-02-11,57.515438
2021-02-12,57.361511
2021-02-16,56.684155
2021-02-17,56.472027
2021-02-18,56.726185
2021-02-19,57.281731
2021-02-22,58.752617
2021-02-23,59.687038
2021-02-24,58.712334
2021-02-25,60.809933
2021-02-26,61.839581
2021-03-01,61.998173
2021-03-02,61.889782
2021-03-03,62.519234
2021-03-04,65.090462
2021-03-05,68.728333
2021-03-08,72.608299
2021-03-09,73.832718
2021-03-10,72.800667
2021-03-11,71.541939
2021-03-12,72.792419
2021-03-15,73.018829
2021-03-16,72.526985
2021-03-17,72.526077
2021-03-18,73.201317
2021-03-19,73.578476
2021-03-22,73.006371
2021-03-23,73.199081
2021-03-24,73.281883
2021-03-25,74.340874
2021-03-26,73.97364
2021-03-29,73.682083
2021-03-30,72.878357
2021-03-31,69.91153
2021-04-01,68.9758
2021-04-02,69.038788
2021-04-05,68.820206
2021-04-06,68.465538
2021-04-07,67.238045
2021-04-08,66.421524
2021-04-09,65.949631
2021-04-12,65.75486
2021-04-13,65.116585
2021-04-14,64.654129
2021-04-15,64.026733
2021-04-16,65.152496
2021-04-19,66.255974
2021-04-20,66.75621
2021-04-21,66.15564
2021-04-22,66.276291
2021-04-23,65.291901
2021-04-26,64.634186
2021-04-27,64.620277
2021-04-28,64.242332
2021-04-29,64.360001
2021-04-30,62.886841
2021-05-03,63.129917
2021-05-04,63.134186
2021-05-05,62.728466
2021-05-06,62.321609
2021-05-07,61.559456
2021-05-10,61.538307
2021-05-11,62.895473
2021-05-12,63.615261
2021-05-13,62.93388
2021-05-14,61.790672
2021-05-17,61.755638
2021-05-18,61.606762
2021-05-19,62.091232
2021-05-20,60.782814
2021-05-21,60.285442
2021-05-24,59.620514
2021-05-25,59.049152
2021-05-26,59.30661
2021-05-27,59.426945
2021-05-28,58.2099
2021-05-31,58.2099
2021-06-01,59.442295
2021-06-02,58.56485
2021-06-03,60.016605
2021-06-04,59.222317
2021-06-07,58.881775
2021-06-08,59.018215
2021-06-09,58.544849
2021-06-10,58.359509
2021-06-11,57.593834
2021-06-14,58.063511
2021-06-15,57.292381
2021-06-16,57.451725
2021-06-17,56.399433
2021-06-18,55.914509
2021-06-21,56.181255
2021-06-22,55.890373
2021-06-23,55.85881
2021-06-24,55.481071
2021-06-25,55.413467
2021-06-28,55.408306
2021-06-29,54.870529
2021-06-30,54.054821
2021-07-01,54.473618
2021-07-02,54.716312
2021-07-06,54.041821
2021-07-07,54.254768
2021-07-08,56.756981
2021-07-09,56.288906
2021-07-12,55.703625
2021-07-13,55.934364
2021-07-14,55.976368
2021-07-15,56.037663
2021-07-16,56.610085
2021-07-19,58.61953
2021-07-20,58.770058
2021-07-21,58.247326
2021-07-22,58.252319
2021-07-23,58.118397
2021-07-26,58.377033
2021-07-27,58.381565
2021-07-28,57.523186
2021-07-29,57.725792
2021-07-30,57.56715
2021-08-02,57.903614
2021-08-03,58.649265
2021-08-04,58.590504
2021-08-05,59.117062
2021-08-06,60.051151
2021-08-09,60.556038
2021-08-10,60.642311
2021-08-11,61.077824
2021-08-12,60.954266
2021-08-13,60.056049
2021-08-16,59.611958
2021-08-17,60.406086
2021-08-18,60.70253
2021-08-19,61.392944
2021-08-20,61.258663
2021-08-23,60.668522
2021-08-24,60.709667
2021-08-25,60.255894
2021-08-26,60.716972
2021-08-27,60.302544
2021-08-30,59.73064
2021-08-31,58.758911
2021-09-01,59.417355
2021-09-02,59.076702
2021-09-03,59.213421
2021-09-07,60.056538
2021-09-08,59.649082
2021-09-09,58.585709
2021-09-10,58.487324
2021-09-13,57.934647
2021-09-14,57.764862
2021-09-15,57.225498
2021-09-16,57.66264
2021-09-17,57.137398
2021-09-20,57.731152
2021-09-21,57.579861
2021-09-22,56.481853
2021-09-23,56.34314
2021-09-24,55.271328
2021-09-27,55.10078
2021-09-28,57.021858
2021-09-29,56.780136
2021-09-30,57.240223
2021-10-01,56.411358
2021-10-04,57.186001
2021-10-05,57.325672
2021-10-06,57.868927
2021-10-07,58.176785
2021-10-08,59.116951
2021-10-12,59.358658
2021-10-13,58.746178
2021-10-14,57.619324
2021-10-15,56.270641
2021-10-18,57.149963
2021-10-19,57.293327
2021-10-20,58.111012
2021-10-21,58.432915
2021-10-22,58.24168
2021-10-25,58.111248
2021-10-26,57.242538
2021-10-27,55.914532
2021-10-28,57.693432
2021-10-29,58.916355
2021-11-01,59.705837
2021-11-02,60.270504
2021-11-03,59.975693
2021-11-04,59.276989
2021-11-05,58.00148
2021-11-08,57.105366
2021-11-09,57.832027
2021-11-10,58.956825
2021-11-12,60.131153
2021-11-15,59.556435
2021-11-16,61.662601
2021-11-17,62.320976
2021-11-18,62.580849
2021-11-19,62.512821
2021-11-22,62.66441
2021-11-23,65.301292
2021-11-24,65.505646
2021-11-26,69.831406
2021-11-29,70.290565
2021-11-30,68.758461
2021-12-01,70.76577
2021-12-02,70.975258
2021-12-03,69.153641
2021-12-06,68.629623
2021-12-07,65.61248
2021-12-08,65.920128
2021-12-09,66.126221
2021-12-10,66.404678
2021-12-13,66.104195
2021-12-14,66.564987
2021-12-15,66.58268
2021-12-16,66.487778
2021-12-17,66.040787
2021-12-20,67.288414
2021-12-21,65.786797
2021-12-22,64.821175
2021-12-23,63.628689
2021-12-27,62.219074
2021-12-28,61.086643
2021-12-29,61.487595
2021-12-30,61.227673
2021-12-31,60.802567
2022-01-03,61.878704
2022-01-04,61.678612
2022-01-05,61.079216
2022-01-06,62.1493
2022-01-07,62.583008
2022-01-10,63.3857
2022-01-11,63.385868
2022-01-12,63.6049
2022-01-13,65.056114
2022-01-14,65.29641
2022-01-18,65.986069
2022-01-19,66.36142
2022-01-20,67.36602
2022-01-21,69.872948
2022-01-24,71.454597
2022-01-25,71.451202
2022-01-26,70.863319
2022-01-27,73.024452
2022-01-28,75.543457
2022-01-31,74.956703
2022-02-01,74.200531
2022-02-02,73.274979
2022-02-03,75.094223
2022-02-04,75.875404
2022-02-07,76.255165
2022-02-08,75.866203
2022-02-09,73.809288
2022-02-10,73.239113
2022-02-11,75.434471
2022-02-14,76.43586
2022-02-15,76.01564
2022-02-16,79.381416
2022-02-17,82.014977
2022-02-18,84.920914
2022-02-22,86.859802
2022-02-23,87.696129
2022-02-24,91.824005
2022-02-25,90.038437
2022-02-28,90.921013
2022-03-01,94.046188
2022-03-02,93.603394
2022-03-03,94.472717
2022-03-04,99.898811
2022-03-07,106.815895
2022-03-08,113.821648
2022-03-09,112.142647
2022-03-10,115.258347
2022-03-11,117.641151
2022-03-14,120.084686
2022-03-15,119.964622
2022-03-16,113.172333
2022-03-17,104.493889
2022-03-18,102.389191
2022-03-21,99.557671
2022-03-22,97.073044
2022-03-23,98.469215
2022-03-24,98.813293
2022-03-25,96.554169
2022-03-28,94.63224
2022-03-29,88.858986
2022-03-30,88.466606
2022-03-31,87.838348
2022-04-01,86.369835
2022-04-04,84.17157
2022-04-05,83.937149
2022-04-06,88.516273
2022-04-07,88.99472
2022-04-08,91.147789
2022-04-11,95.485191
2022-04-12,98.311295
2022-04-13,99.278954
2022-04-14,97.806915
2022-04-18,101.494972
2022-04-19,102.391479
2022-04-20,102.45726
2022-04-21,104.927193
2022-04-22,108.191032
2022-04-25,107.579437
2022-04-26,108.62468
2022-04-27,109.552521
2022-04-28,110.116707
2022-04-29,111.604721
2022-05-02,114.242249
2022-05-03,111.59198
2022-05-04,111.467979
2022-05-05,111.943985
2022-05-06,112.563522
2022-05-09,116.823364
2022-05-10,115.803917
2022-05-11,115.573616
2022-05-12,117.893379
2022-05-13,118.2911
2022-05-16,120.190552
2022-05-17,119.481133
2022-05-18,123.34951
2022-05-19,124.992775
2022-05-20,125.929359
2022-05-23,125.459862
2022-05-24,124.503319
2022-05-25,119.158646
2022-05-26,114.367821
2022-05-27,111.910118
2022-05-31,110.88015
2022-06-01,110.370018
2022-06-02,110.981026
2022-06-03,111.769371
2022-06-06,111.318878
2022-06-07,111.488869
2022-06-08,112.087044
2022-06-09,114.117188
2022-06-10,116.287132
2022-06-13,122.766006
2022-06-14,123.973122
2022-06-15,124.671188
2022-06-16,129.425842
2022-06-17,127.833305
2022-06-21,128.423462
2022-06-22,135.374405
2022-06-23,136.43045
2022-06-24,135.064987
2022-06-27,135.501694
2022-06-28,136.769333
2022-06-29,139.060852
2022-06-30,142.16951
2022-07-01,143.146347
2022-07-05,144.958908
2022-07-06,140.405655
2022-07-07,134.543579
2022-07-08,130.779877
2022-07-11,131.772339
2022-07-12,133.492416
2022-07-13,132.027634
2022-07-14,133.981537
2022-07-15,131.562088
2022-07-18,130.696182
2022-07-19,129.098038
2022-07-20,128.437897
2022-07-21,128.089188
2022-07-22,127.839729
2022-07-25,128.098129
2022-07-26,129.196487
2022-07-27,127.354652
2022-07-28,124.750534
2022-07-29,121.83271
2022-08-01,122.196243
2022-08-02,121.04081
2022-08-03,118.088402
2022-08-04,117.308563
2022-08-05,115.089073
2022-08-08,115.135765
2022-08-09,116.12291
2022-08-10,111.452553
2022-08-11,109.475105
2022-08-12,104.98333
2022-08-15,105.368294
2022-08-16,104.443764
2022-08-17,106.173592
2022-08-18,107.400841
2022-08-19,110.958435
2022-08-22,114.009308
2022-08-23,113.912735
2022-08-24,113.349098
2022-08-25,110.44783
2022-08-26,112.60672
2022-08-29,114.164421
2022-08-30,115.11731
2022-08-31,119.97287
2022-09-01,123.809288
2022-09-02,123.783829
2022-09-06,126.059624
2022-09-07,125.633911
2022-09-08,123.629768
2022-09-09,120.85508
2022-09-12,120.19146
2022-09-13,120.261414
2022-09-14,118.482674
2022-09-15,118.930489
2022-09-16,120.987473
2022-09-19,120.346825
2022-09-20,122.096359
2022-09-21,120.422333
2022-09-22,122.892029
2022-09-23,124.499153
2022-09-26,129.247986
2022-09-27,136.592758
2022-09-28,139.671295
2022-09-29,145.096313
2022-09-30,142.479553
2022-10-03,140.185532
2022-10-04,135.339752
2022-10-05,137.749023
2022-10-06,135.265854
2022-10-07,137.134155
2022-10-11,144.0923
2022-10-12,149.692978
2022-10-13,147.690552
2022-10-14,149.807846
2022-10-17,151.309952
2022-10-18,150.13266
2022-10-19,152.220932
2022-10-20,151.638092
2022-10-21,153.836456
2022-10-24,152.001556
2022-10-25,149.198853
2022-10-26,149.415955
2022-10-27,150.773468
2022-10-28,148.594971
2022-10-31,149.026962
2022-11-01,146.83876
2022-11-02,144.697769
2022-11-03,143.365494
2022-11-04,140.985397
2022-11-07,138.1604
2022-11-08,137.698364
2022-11-09,138.882401
2022-11-10,132.643478
2022-11-14,128.723328
2022-11-15,125.845268
2022-11-16,124.023949
2022-11-17,123.63633
2022-11-18,120.129967
2022-11-21,119.099365
2022-11-22,117.855789
2022-11-23,115.857277
2022-11-25,114.59127
2022-11-28,116.213753
2022-11-29,118.062386
2022-11-30,120.338936
2022-12-01,121.605324
2022-12-02,119.969269
2022-12-05,119.379356
2022-12-06,119.314079
2022-12-07,120.545395
2022-12-08,119.106476
2022-12-09,118.804802
2022-12-12,117.955406
2022-12-13,117.638
2022-12-14,118.463951
2022-12-15,119.513748
2022-12-16,122.289429
2022-12-19,123.533524
2022-12-20,126.461029
2022-12-21,124.739571
2022-12-22,122.534592
2022-12-23,121.084679
2022-12-27,121.280907
2022-12-28,121.543404
2022-12-29,119.392761
2022-12-30,120.428368
2023-01-03,120.879829
2023-01-04,121.753006
2023-01-05,122.233055
2023-01-06,121.725761
2023-01-09,120.588226
2023-01-10,119.406235
2023-01-11,117.196548
2023-01-12,116.142883
2023-01-13,113.880516
2023-01-17,112.527992
2023-01-18,112.447952
2023-01-19,112.494904
2023-01-20,110.999672
2023-01-23,108.748024
2023-01-24,107.941818
2023-01-25,108.42524
2023-01-26,105.357765
2023-01-27,104.593613
2023-01-30,104.480942
2023-01-31,104.659569
2023-02-01,105.501389
2023-02-02,100.736168
2023-02-03,99.672104
2023-02-06,97.957367
2023-02-07,98.323555
2023-02-08,99.183456
2023-02-09,99.156052
2023-02-10,101.422913
2023-02-13,102.045776
2023-02-14,101.426506
2023-02-15,102.440605
2023-02-16,103.322922
2023-02-17,104.622459
2023-02-21,107.241493
2023-02-22,107.774117
2023-02-23,106.466728
2023-02-24,106.248093
2023-02-27,106.514168
2023-02-28,108.539619
2023-03-01,110.426933
2023-03-02,108.967888
2023-03-03,106.146072
2023-03-06,105.460007
2023-03-07,106.511528
2023-03-08,108.582588
2023-03-09,112.443077
2023-03-10,122.093781
2023-03-13,146.60553
2023-03-14,143.322067
2023-03-15,168.682632
2023-03-16,159.342651
2023-03-17,160.91243
2023-03-20,160.255585
2023-03-21,143.868515
2023-03-22,142.533691
2023-03-23,145.101562
2023-03-24,147.75325
2023-03-27,144.283035
2023-03-28,143.540985
2023-03-29,139.883179
2023-03-30,135.432663
2023-03-31,132.943985
2023-04-03,129.622849
2023-04-04,130.913589
2023-04-05,133.41066
2023-04-06,133.915329
2023-04-07,133.232437
2023-04-10,132.878143
2023-04-11,131.30658
2023-04-12,131.649155
2023-04-13,129.121063
2023-04-14,126.146927
2023-04-17,125.341537
2023-04-18,122.988632
2023-04-19,123.724701
2023-04-20,125.543282
2023-04-21,124.800621
2023-04-24,124.734093
2023-04-25,129.23468
2023-04-26,129.952637
2023-04-27,127.491814
2023-04-28,128.476135
2023-05-01,129.035172
2023-05-02,132.932327
2023-05-03,135.582062
2023-05-04,143.041748
2023-05-05,139.214386
2023-05-08,140.000168
2023-05-09,140.050461
2023-05-10,139.374557
2023-05-11,138.739136
2023-05-12,138.351821
2023-05-15,140.492975
2023-05-16,141.631803
2023-05-17,139.749298
2023-05-18,138.200616
2023-05-19,136.352322
2023-05-22,134.302487
2023-05-23,133.608891
2023-05-24,133.716496
2023-05-25,130.607404
2023-05-26,127.858255
2023-05-30,126.816715
2023-05-31,129.665992
2023-06-01,130.181385
2023-06-02,125.688034
2023-06-05,126.834775
2023-06-06,126.055722
2023-06-07,127.968795
2023-06-08,128.515147
2023-06-09,128.680824
2023-06-12,128.814336
2023-06-13,126.320497
2023-06-14,125.316249
2023-06-15,125.043094
2023-06-16,122.182101
2023-06-20,121.959876
2023-06-21,122.100307
2023-06-22,121.048952
2023-06-23,122.584215
2023-06-26,122.780441
2023-06-27,120.945918
2023-06-28,119.95161
2023-06-29,116.357034
2023-06-30,112.021102
2023-07-03,110.245639
2023-07-05,112.099231
2023-07-06,114.4305
2023-07-07,114.672857
2023-07-10,115.057894
2023-07-11,113.79354
2023-07-12,113.2492
2023-07-13,114.131717
2023-07-14,115.14442
2023-07-17,116.334552
2023-07-18,114.653633
2023-07-19,114.312116
2023-07-20,113.750907
2023-07-21,112.006117
2023-07-24,109.55817
2023-07-25,107.934732
2023-07-26,106.955744
2023-07-27,105.173626
2023-07-28,103.925839
2023-07-31,101.827804
2023-08-01,104.164254
2023-08-02,108.242053
2023-08-03,109.391288
2023-08-04,108.227433
2023-08-07,108.434604
2023-08-08,109.906788
2023-08-09,109.341023
2023-08-10,109.86046
2023-08-11,109.779502
2023-08-14,109.937766
2023-08-15,112.74854
2023-08-16,114.678973
2023-08-17,116.770369
2023-08-18,116.408554
2023-08-21,116.577793
2023-08-22,115.079504
2023-08-23,112.585834
2023-08-24,112.153066
2023-08-25,111.290392
2023-08-28,110.605776
2023-08-29,110.747351
2023-08-30,110.675643
2023-08-31,111.137473
2023-09-01,112.698669
2023-09-05,112.800862
2023-09-06,113.389856
2023-09-07,113.357023
2023-09-08,112.202795
2023-09-11,112.615474
2023-09-12,113.352367
2023-09-13,113.540727
2023-09-14,111.898678
2023-09-15,113.459127
2023-09-18,112.456028
2023-09-19,112.502419
2023-09-20,111.268795
2023-09-21,114.097424
2023-09-22,113.056026
2023-09-25,114.58976
2023-09-26,116.16242
2023-09-27,118.559351
2023-09-28,120.351232
2023-09-29,121.347055
2023-10-02,124.384769
2023-10-03,128.685717
2023-10-04,129.479026
2023-10-05,129.831622
2023-10-06,128.409851
2023-10-10,125.307071
2023-10-11,124.405696
2023-10-12,123.862652
2023-10-13,124.411728
2023-10-16,125.171226
2023-10-17,125.800132
2023-10-18,128.561421
2023-10-19,131.87161
2023-10-20,133.367077
2023-10-23,132.497075
2023-10-24,129.348048
2023-10-25,129.374767
2023-10-26,130.222587
2023-10-27,131.699204
2023-10-30,133.889493
2023-10-31,132.363814
2023-11-01,131.689872
2023-11-02,125.443995
2023-11-03,125.61177
2023-11-06,124.952071
2023-11-07,125.332987
2023-11-08,124.539955
2023-11-09,124.080763
2023-11-10,121.202575
2023-11-13,121.243308
2023-11-14,119.499859
2023-11-15,117.124605
2023-11-16,116.746056
2023-11-17,114.187244
2023-11-20,112.525777
2023-11-21,112.003302
2023-11-22,109.022517
2023-11-23,109.022517
2023-11-24,108.037056
2023-11-27,108.262578
2023-11-28,108.568634
2023-11-29,106.639889
2023-11-30,104.012276
2023-12-01,104.733045
2023-12-04,103.649229
2023-12-05,104.526985
2023-12-06,104.405653
2023-12-07,104.224435
2023-12-08,102.477657
2023-12-11,102.884025
2023-12-12,101.303614
2023-12-13,99.428973
2023-12-14,95.997284
2023-12-15,96.170375
2023-12-18,96.66496
2023-12-19,96.292832
2023-12-20,98.424661
2023-12-21,97.922721
2023-12-22,95.85955
2023-12-25,95.85955
2023-12-26,95.419025
2023-12-27,93.739561
2023-12-28,92.299651
2023-12-29,91.96617
